Hop5,,,,,,,,,,,,,,,,,,
beginning hop,,,,,,,,,,,,,,,,,,
,,,,,,,,,,Time,M1,M2,M4,M5,M6,M7,M8,M3
33133,3.62,1.51,3.11,2.79,1.98,5.92,2.65,7.79,,0,3.62,1.51,3.11,2.79,1.98,5.92,2.65,7.79
33150,3.65,1.51,3.07,2.78,1.98,5.97,2.61,7.7,,17,3.65,1.51,3.07,2.78,1.98,5.97,2.61,7.7
33166,3.63,1.71,3.07,2.77,1.98,6,2.74,7.69,,33,3.63,1.71,3.07,2.77,1.98,6,2.74,7.69
33182,3.65,1.43,3.07,2.77,1.97,5.99,2.63,7.96,,49,3.65,1.43,3.07,2.77,1.97,5.99,2.63,7.96
33198,3.65,1.78,3.05,2.69,1.95,5.97,2.89,7.99,,65,3.65,1.78,3.05,2.69,1.95,5.97,2.89,7.99
33215,3.61,1.81,3.06,2.92,1.93,6.2,2.82,7.92,,82,3.61,1.81,3.06,2.92,1.93,6.2,2.82,7.92
33231,3.58,1.43,2.99,2.63,1.89,5.88,2.75,7.88,,98,3.58,1.43,2.99,2.63,1.89,5.88,2.75,7.88
33247,3.54,1.41,2.95,2.88,1.81,6,2.95,8.05,,114,3.54,1.41,2.95,2.88,1.81,6,2.95,8.05
33263,3.49,1.61,2.86,2.84,1.91,5.9,2.8,7.95,,130,3.49,1.61,2.86,2.84,1.91,5.9,2.8,7.95
33279,3.42,1.66,2.97,2.72,1.84,5.95,2.69,8.03,,146,3.42,1.66,2.97,2.72,1.84,5.95,2.69,8.03
33295,3.61,1.52,2.93,2.59,1.89,6.07,2.76,8.1,,162,3.61,1.52,2.93,2.59,1.89,6.07,2.76,8.1
33311,3.49,1.38,2.99,2.37,1.76,5.87,2.67,7.83,,178,3.49,1.38,2.99,2.37,1.76,5.87,2.67,7.83
33327,3.42,1.25,3.05,2.37,1.76,6.11,2.77,8.11,,194,3.42,1.25,3.05,2.37,1.76,6.11,2.77,8.11
33344,3.17,1.08,2.82,2.4,1.82,5.84,2.64,8.15,,211,3.17,1.08,2.82,2.4,1.82,5.84,2.64,8.15
33360,3.17,1.09,2.72,2.26,1.81,5.97,2.57,7.98,,227,3.17,1.09,2.72,2.26,1.81,5.97,2.57,7.98
33376,3.07,1.03,2.84,2.45,1.93,6,2.69,8.07,,243,3.07,1.03,2.84,2.45,1.93,6,2.69,8.07
33392,3.18,0.96,2.96,2.61,1.96,5.93,2.43,7.93,,259,3.18,0.96,2.96,2.61,1.96,5.93,2.43,7.93
33408,3.18,1.15,2.63,2.46,1.98,5.89,2.59,8.16,,275,3.18,1.15,2.63,2.46,1.98,5.89,2.59,8.16
33432,3.15,0.94,2.65,2.46,1.96,5.77,2.28,7.83,,299,3.15,0.94,2.65,2.46,1.96,5.77,2.28,7.83
33448,2.83,1.08,2.55,2.24,2.03,5.73,1.94,7.93,,315,2.83,1.08,2.55,2.24,2.03,5.73,1.94,7.93
33464,3.34,1.32,2.49,2.08,2.08,6.36,2.3,7.89,,331,3.34,1.32,2.49,2.08,2.08,6.36,2.3,7.89
33480,3.27,0.93,2.5,1.99,2.18,6.42,2.11,7.82,,347,3.27,0.93,2.5,1.99,2.18,6.42,2.11,7.82
33496,3.73,0.82,2.41,2.24,1.95,6.28,1.84,7.93,,363,3.73,0.82,2.41,2.24,1.95,6.28,1.84,7.93
33512,3.53,0.67,2.5,2.34,1.88,6.28,1.64,7.65,,379,3.53,0.67,2.5,2.34,1.88,6.28,1.64,7.65
33528,3.6,0.67,2.39,2.24,1.96,6.28,1.53,7.56,,395,3.6,0.67,2.39,2.24,1.96,6.28,1.53,7.56
33545,3.41,0.52,2.49,2.25,1.6,6.34,1.44,7.47,,412,3.41,0.52,2.49,2.25,1.6,6.34,1.44,7.47
33561,3.29,0.27,2.65,2.29,1.52,5.95,1.72,7.74,,428,3.29,0.27,2.65,2.29,1.52,5.95,1.72,7.74
33577,3.1,0.22,2.63,2.46,1.7,5.57,1.72,7.72,,444,3.1,0.22,2.63,2.46,1.7,5.57,1.72,7.72
33593,3.02,0.99,2.56,2.4,1.69,5.43,1.64,7.64,,460,3.02,0.99,2.56,2.4,1.69,5.43,1.64,7.64
33609,2.85,0.9,2.64,2.45,1.45,5.3,2.01,7.41,,476,2.85,0.9,2.64,2.45,1.45,5.3,2.01,7.41
33625,2.61,0.66,2.66,2.21,1.52,5.28,1.99,7.42,,492,2.61,0.66,2.66,2.21,1.52,5.28,1.99,7.42
33642,2.5,0.89,2.33,2.21,1.48,4.96,1.75,7.42,,509,2.5,0.89,2.33,2.21,1.48,4.96,1.75,7.42
33658,2.36,1.15,2.31,1.83,1.66,4.81,1.67,7.46,,525,2.36,1.15,2.31,1.83,1.66,4.81,1.67,7.46
33674,2.48,0.67,2.13,2.15,1.69,5.35,1.7,7.3,,541,2.48,0.67,2.13,2.15,1.69,5.35,1.7,7.3
33690,2.66,0.91,1.88,2.28,1.87,5.19,1.53,7.28,,557,2.66,0.91,1.88,2.28,1.87,5.19,1.53,7.28
33706,2.41,0.88,2.03,2.16,1.52,5.14,1.61,7.14,,573,2.41,0.88,2.03,2.16,1.52,5.14,1.61,7.14
33722,2.32,0.65,2.05,2.59,1.22,5.34,1.75,7.05,,589,2.32,0.65,2.05,2.59,1.22,5.34,1.75,7.05
33739,2.3,0.76,2.28,2.24,1.4,5.05,1.77,6.8,,606,2.3,0.76,2.28,2.24,1.4,5.05,1.77,6.8
33755,2.4,1.14,2.2,2.25,1.55,4.84,1.77,6.84,,622,2.4,1.14,2.2,2.25,1.55,4.84,1.77,6.84
33771,2.33,0.91,1.92,2.5,1.4,4.74,1.89,6.7,,638,2.33,0.91,1.92,2.5,1.4,4.74,1.89,6.7
33787,2.06,1.04,1.73,2.46,1.61,4.46,1.55,6.5,,654,2.06,1.04,1.73,2.46,1.61,4.46,1.55,6.5
33803,1.9,1.11,1.66,3.15,1.71,4.57,1.38,6.87,,670,1.9,1.11,1.66,3.15,1.71,4.57,1.38,6.87
33819,2.12,1.04,1.33,2.45,1.78,4.87,1.09,6.45,,686,2.12,1.04,1.33,2.45,1.78,4.87,1.09,6.45
33835,2.04,0.76,1.54,3.13,1.26,4.69,1.46,6.92,,702,2.04,0.76,1.54,3.13,1.26,4.69,1.46,6.92
33852,2.07,0.97,1.65,2.51,0.76,4.85,1.13,6.58,,719,2.07,0.97,1.65,2.51,0.76,4.85,1.13,6.58
33868,1.97,1.04,1.79,2.52,0.62,4.86,1.17,7.28,,735,1.97,1.04,1.79,2.52,0.62,4.86,1.17,7.28
33884,1.78,0.44,1.62,2.3,0.61,4.77,1.06,6.67,,751,1.78,0.44,1.62,2.3,0.61,4.77,1.06,6.67
33900,1.7,0.53,1.41,1.71,0.69,5.17,1.11,7.01,,767,1.7,0.53,1.41,1.71,0.69,5.17,1.11,7.01
33916,1.85,0.58,1.34,2.73,0.7,5.17,0.96,6.61,,783,1.85,0.58,1.34,2.73,0.7,5.17,0.96,6.61
33932,2.1,0.61,1.46,3.51,0.8,4.49,0.9,6.2,,799,2.1,0.61,1.46,3.51,0.8,4.49,0.9,6.2
33949,1.97,0.25,1.15,2.71,0.25,4.64,0.6,6.06,,816,1.97,0.25,1.15,2.71,0.25,4.64,0.6,6.06
33965,1.88,1.19,1.57,2.94,0.18,4.6,0.69,5.73,,832,1.88,1.19,1.57,2.94,0.18,4.6,0.69,5.73
33981,1.86,0.71,1.53,2.27,-0.03,4.44,0.49,5.36,,848,1.86,0.71,1.53,2.27,-0.03,4.44,0.49,5.36
33997,1.72,0.74,1.14,2.22,0.14,4.34,0.84,5.83,,864,1.72,0.74,1.14,2.22,0.14,4.34,0.84,5.83
34013,1.85,0.51,1.12,2.65,0.54,4.98,0.51,5.63,,880,1.85,0.51,1.12,2.65,0.54,4.98,0.51,5.63
34029,1.73,0.52,0.87,2.91,0.46,4.72,0.61,5.72,,896,1.73,0.52,0.87,2.91,0.46,4.72,0.61,5.72
34046,1.81,0.47,0.84,2.5,-0.09,4.65,0.61,5.6,,913,1.81,0.47,0.84,2.5,-0.09,4.65,0.61,5.6
34062,1.62,0.94,1.15,2.43,-0.14,4.46,0.8,5.54,,929,1.62,0.94,1.15,2.43,-0.14,4.46,0.8,5.54
34078,1.35,0.37,1.03,2.14,-0.19,4.6,0.41,5.81,,945,1.35,0.37,1.03,2.14,-0.19,4.6,0.41,5.81
34094,1.48,0.25,0.88,2.75,-0.04,4.25,0.61,5.76,,961,1.48,0.25,0.88,2.75,-0.04,4.25,0.61,5.76
34110,1.26,0.22,0.33,2.16,-0.12,4.6,0.37,6.06,,977,1.26,0.22,0.33,2.16,-0.12,4.6,0.37,6.06
34126,1.31,0.3,0.45,2.56,0.09,4.9,0.09,5.65,,993,1.31,0.3,0.45,2.56,0.09,4.9,0.09,5.65
34143,1.93,-0.16,0.62,2.21,-0.02,4.54,0.03,5.69,,1010,1.93,-0.16,0.62,2.21,-0.02,4.54,0.03,5.69
34159,1.72,0.21,0.96,2.2,-0.11,4.08,-0.05,4.81,,1026,1.72,0.21,0.96,2.2,-0.11,4.08,-0.05,4.81
34176,1.5,-0.21,0.79,1.81,-0.37,4.37,0.14,4.85,,1043,1.5,-0.21,0.79,1.81,-0.37,4.37,0.14,4.85
34192,1.19,-0.44,0.7,2.06,-0.07,4.67,-0.16,4.69,,1059,1.19,-0.44,0.7,2.06,-0.07,4.67,-0.16,4.69
34209,1.95,-0.78,0.57,1.99,-0.11,4.55,-0.26,4.96,,1076,1.95,-0.78,0.57,1.99,-0.11,4.55,-0.26,4.96
34225,1.86,-0.65,0.39,1.92,0.08,4.24,-0.45,4.74,,1092,1.86,-0.65,0.39,1.92,0.08,4.24,-0.45,4.74
34241,1.51,-0.71,0.57,2.72,-0.68,3.69,-0.46,4.65,,1108,1.51,-0.71,0.57,2.72,-0.68,3.69,-0.46,4.65
34257,1.22,-0.48,0.76,1.8,-0.59,3.6,-0.55,4.1,,1124,1.22,-0.48,0.76,1.8,-0.59,3.6,-0.55,4.1
34273,0.96,-0.42,0.86,2.64,-0.8,3.82,-0.17,3.91,,1140,0.96,-0.42,0.86,2.64,-0.8,3.82,-0.17,3.91
34289,0.96,-0.27,0.66,2.05,-1.09,3.8,-0.51,4.08,,1156,0.96,-0.27,0.66,2.05,-1.09,3.8,-0.51,4.08
34305,0.96,-0.76,0.67,2.02,-0.75,3.74,-0.09,4.21,,1172,0.96,-0.76,0.67,2.02,-0.75,3.74,-0.09,4.21
34321,0.91,-0.59,0.18,2.07,-0.29,3.76,-0.7,4.2,,1188,0.91,-0.59,0.18,2.07,-0.29,3.76,-0.7,4.2
34337,1.12,-0.5,0.76,2.11,-0.52,3.34,-0.73,4.13,,1204,1.12,-0.5,0.76,2.11,-0.52,3.34,-0.73,4.13
34354,0.47,-0.18,0.34,2.16,-0.37,3.78,-0.39,4.13,,1221,0.47,-0.18,0.34,2.16,-0.37,3.78,-0.39,4.13
34370,0.5,-0.47,0.33,2.38,-0.74,3.47,-0.67,3.47,,1237,0.5,-0.47,0.33,2.38,-0.74,3.47,-0.67,3.47
34386,0.51,-0.24,-0.03,2.25,-0.97,3.52,-0.82,3.96,,1253,0.51,-0.24,-0.03,2.25,-0.97,3.52,-0.82,3.96
34402,0.04,-0.47,0.04,2.33,-0.77,3.17,-0.58,3.6,,1269,0.04,-0.47,0.04,2.33,-0.77,3.17,-0.58,3.6
34418,0.07,-0.59,-0.46,2.18,-0.09,2.89,-0.53,3.93,,1285,0.07,-0.59,-0.46,2.18,-0.09,2.89,-0.53,3.93
34434,0.24,-0.49,-0.09,2.3,-0.38,3.26,-0.8,3.65,,1301,0.24,-0.49,-0.09,2.3,-0.38,3.26,-0.8,3.65
34451,0.64,-0.19,0.29,2.42,-1.03,3.1,-0.68,3.53,,1318,0.64,-0.19,0.29,2.42,-1.03,3.1,-0.68,3.53
34467,-0.03,-0.22,-0.42,2.55,-1.04,2.76,-0.47,3.75,,1334,-0.03,-0.22,-0.42,2.55,-1.04,2.76,-0.47,3.75
34483,-0.18,-0.61,-0.13,2.36,-1.04,2.82,-0.57,3.29,,1350,-0.18,-0.61,-0.13,2.36,-1.04,2.82,-0.57,3.29
34499,0.01,-0.52,0.07,2.17,-0.88,3.4,-0.35,3.7,,1366,0.01,-0.52,0.07,2.17,-0.88,3.4,-0.35,3.7
34515,0.41,-0.78,0.59,2.51,-1.04,3.04,-0.9,3.27,,1382,0.41,-0.78,0.59,2.51,-1.04,3.04,-0.9,3.27
34531,0.72,-0.59,0.31,2.51,-0.96,3.71,-0.71,3.12,,1398,0.72,-0.59,0.31,2.51,-0.96,3.71,-0.71,3.12
34548,0.6,-0.77,-0.25,2.51,-0.64,3.38,-0.5,3.34,,1415,0.6,-0.77,-0.25,2.51,-0.64,3.38,-0.5,3.34
34564,0.55,-1.16,-0.4,2.15,-1.04,3.72,-0.88,3.46,,1431,0.55,-1.16,-0.4,2.15,-1.04,3.72,-0.88,3.46
34580,0.12,-0.86,-0.07,1.91,-1.53,3.35,-0.82,3.41,,1447,0.12,-0.86,-0.07,1.91,-1.53,3.35,-0.82,3.41
34596,0.21,-0.22,0.26,1.96,-1.79,3.08,-1.53,3.54,,1463,0.21,-0.22,0.26,1.96,-1.79,3.08,-1.53,3.54
34612,0.55,-0.25,0.16,2.05,-1.87,2.93,-1.44,3.11,,1479,0.55,-0.25,0.16,2.05,-1.87,2.93,-1.44,3.11
34628,0.45,-0.36,0.27,1.66,-1.95,3.01,-1.28,2.84,,1495,0.45,-0.36,0.27,1.66,-1.95,3.01,-1.28,2.84
34644,0.27,-0.22,0.48,2.37,-1.3,2.94,-0.85,3.01,,1511,0.27,-0.22,0.48,2.37,-1.3,2.94,-0.85,3.01
34661,0.58,-0.22,0.27,2.59,-1.09,2.98,-0.62,2.76,,1528,0.58,-0.22,0.27,2.59,-1.09,2.98,-0.62,2.76
34677,0.04,-0.58,-0.39,2.44,-1.48,3.1,-0.7,2.88,,1544,0.04,-0.58,-0.39,2.44,-1.48,3.1,-0.7,2.88
34693,0.08,-0.61,0,2.37,-1.4,2.78,-0.85,2.51,,1560,0.08,-0.61,0,2.37,-1.4,2.78,-0.85,2.51
34709,0.27,-0.64,-0.14,2.18,-1.55,2.78,-0.79,2.66,,1576,0.27,-0.64,-0.14,2.18,-1.55,2.78,-0.79,2.66
34725,0.24,-0.54,-0.26,2.11,-1.19,3.18,-0.95,3.09,,1592,0.24,-0.54,-0.26,2.11,-1.19,3.18,-0.95,3.09
34741,0,-0.96,0.22,2.07,-1.64,2.81,-0.78,3.33,,1608,0,-0.96,0.22,2.07,-1.64,2.81,-0.78,3.33
34758,-0.24,-1.29,0.37,1.91,-1.36,3.02,-0.92,2.98,,1625,-0.24,-1.29,0.37,1.91,-1.36,3.02,-0.92,2.98
34774,-0.42,-1.47,0.03,2.09,-1.83,2.72,-0.85,3.16,,1641,-0.42,-1.47,0.03,2.09,-1.83,2.72,-0.85,3.16
34790,-0.7,-1.53,0.03,1.63,-1.86,2.64,-0.9,2.94,,1657,-0.7,-1.53,0.03,1.63,-1.86,2.64,-0.9,2.94
34806,-0.97,-1.66,-0.54,1.88,-1.64,2.46,-0.89,2.83,,1673,-0.97,-1.66,-0.54,1.88,-1.64,2.46,-0.89,2.83
34822,-0.88,-1.97,-0.52,1.98,-1.39,2.58,-0.72,3,,1689,-0.88,-1.97,-0.52,1.98,-1.39,2.58,-0.72,3
34838,-0.93,-2.01,-0.58,2.08,-1.71,2.4,-0.76,3.02,,1705,-0.93,-2.01,-0.58,2.08,-1.71,2.4,-0.76,3.02
34855,-1,-2.21,-0.5,1.95,-1.89,2.32,-0.46,2.93,,1722,-1,-2.21,-0.5,1.95,-1.89,2.32,-0.46,2.93
34871,-1.43,-2.34,-0.27,2.06,-1.95,2.04,-0.7,2.61,,1738,-1.43,-2.34,-0.27,2.06,-1.95,2.04,-0.7,2.61
34887,-1.56,-2.02,0.24,2.23,-2.11,2.14,-0.43,2.58,,1754,-1.56,-2.02,0.24,2.23,-2.11,2.14,-0.43,2.58
34903,-1.55,-2.09,-0.04,2.08,-2.06,1.85,-0.35,2.55,,1770,-1.55,-2.09,-0.04,2.08,-2.06,1.85,-0.35,2.55
34919,-1.62,-2.13,-0.02,2.49,-2.08,1.71,-0.34,2.21,,1786,-1.62,-2.13,-0.02,2.49,-2.08,1.71,-0.34,2.21
34935,-1.5,-2.17,-0.3,2.36,-1.88,1.56,-0.26,2.25,,1802,-1.5,-2.17,-0.3,2.36,-1.88,1.56,-0.26,2.25
34952,-1.68,-2.13,-0.23,2.56,-2.26,1.4,-0.21,2.33,,1819,-1.68,-2.13,-0.23,2.56,-2.26,1.4,-0.21,2.33
34968,-1.68,-2.16,-0.34,2.47,-2.25,1.53,-0.3,2.7,,1835,-1.68,-2.16,-0.34,2.47,-2.25,1.53,-0.3,2.7
34984,-1.62,-2.4,-0.39,2.66,-2.54,1.38,-0.67,2.6,,1851,-1.62,-2.4,-0.39,2.66,-2.54,1.38,-0.67,2.6
35000,-1.67,-2.45,-0.09,2.8,-2.37,1.3,-0.85,2.52,,1867,-1.67,-2.45,-0.09,2.8,-2.37,1.3,-0.85,2.52
35016,-2.02,-2.36,-0.24,2.66,-2.27,1.35,-0.88,2.59,,1883,-2.02,-2.36,-0.24,2.66,-2.27,1.35,-0.88,2.59
35032,-2.02,-2.15,-0.07,2.48,-2.24,1.39,-0.58,2.48,,1899,-2.02,-2.15,-0.07,2.48,-2.24,1.39,-0.58,2.48
35048,-1.78,-2.61,-0.28,2.65,-2.32,1.36,-0.71,2.71,,1915,-1.78,-2.61,-0.28,2.65,-2.32,1.36,-0.71,2.71
35065,-1.8,-2.31,-0.16,2.43,-2.42,1.3,-0.71,2.62,,1932,-1.8,-2.31,-0.16,2.43,-2.42,1.3,-0.71,2.62
35081,-1.83,-2.49,-0.05,2.37,-2.35,1.49,-0.81,2.85,,1948,-1.83,-2.49,-0.05,2.37,-2.35,1.49,-0.81,2.85
35097,-1.83,-2.49,-0.07,2.25,-2.35,1.29,-0.75,2.88,,1964,-1.83,-2.49,-0.07,2.25,-2.35,1.29,-0.75,2.88
35113,-1.83,-2.48,-0.01,2.1,-2.06,1.51,-0.74,2.57,,1980,-1.83,-2.48,-0.01,2.1,-2.06,1.51,-0.74,2.57
35129,-1.15,-1.48,-0.09,2.29,5.07,1.51,-0.7,3.15,,1996,-1.15,-1.48,-0.09,2.29,5.07,1.51,-0.7,3.15
35145,15.98,17.48,13.08,7.77,16.86,1.51,7.65,2.4,,2012,15.98,17.48,13.08,7.77,16.86,1.51,7.65,2.4
35170,8.76,8.56,8.09,8.22,8.28,1.51,-0.96,8.61,,2037,8.76,8.56,8.09,8.22,8.28,1.51,-0.96,8.61
35194,-5.07,-3.56,0.17,4.01,13.02,1.51,-12.37,15.74,,2061,-5.07,-3.56,0.17,4.01,13.02,1.51,-12.37,15.74
35219,-3.32,0.41,-2.41,-1.05,-7.59,1.51,-3.38,0.37,,2086,-3.32,0.41,-2.41,-1.05,-7.59,1.51,-3.38,0.37
35243,-1.14,-1.9,-0.69,-1.89,-1.81,1.51,-1.85,0.72,,2110,-1.14,-1.9,-0.69,-1.89,-1.81,1.51,-1.85,0.72
35267,-0.45,-0.59,0.6,0.21,0.33,1.51,0.22,-1.28,,2134,-0.45,-0.59,0.6,0.21,0.33,1.51,0.22,-1.28
35291,-0.23,-0.29,-0.02,0.02,-0.48,0.01,0.69,-0.92,,2158,-0.23,-0.29,-0.02,0.02,-0.48,0.01,0.69,-0.92
35307,0.09,1.27,0.25,-0.04,-0.25,-0.3,-0.6,-0.73,,2174,0.09,1.27,0.25,-0.04,-0.25,-0.3,-0.6,-0.73
35323,0.29,-0.95,-0.24,0.05,-0.18,-0.3,-0.09,0.56,,2190,0.29,-0.95,-0.24,0.05,-0.18,-0.3,-0.09,0.56
35339,0.45,0.04,-0.31,0.72,-0.74,-0.3,-0.3,0,,2206,0.45,0.04,-0.31,0.72,-0.74,-0.3,-0.3,0
35355,0.33,0.61,-0.12,0.31,-0.6,-0.3,-0.16,-0.45,,2222,0.33,0.61,-0.12,0.31,-0.6,-0.3,-0.16,-0.45
35371,0.15,-0.69,-0.25,0.16,-0.44,-0.3,-0.05,-0.1,,2238,0.15,-0.69,-0.25,0.16,-0.44,-0.3,-0.05,-0.1
35387,0.4,0.75,0.18,0.09,-0.5,-2.19,-0.83,7.52,,2254,0.4,0.75,0.18,0.09,-0.5,-2.19,-0.83,7.52
35403,0.3,1.25,-2.6,1.05,-2.28,-1,1.75,5.88,,2270,0.3,1.25,-2.6,1.05,-2.28,-1,1.75,5.88
35419,0.43,0.4,0.02,1.37,-2.46,0.24,1.13,9.01,,2286,0.43,0.4,0.02,1.37,-2.46,0.24,1.13,9.01
35435,-0.3,1.53,-0.41,2.23,0.37,-0.14,-0.59,-0.39,,2302,-0.3,1.53,-0.41,2.23,0.37,-0.14,-0.59,-0.39
35451,0.23,0.22,-0.82,0.27,-0.79,-0.3,1.21,0.03,,2318,0.23,0.22,-0.82,0.27,-0.79,-0.3,1.21,0.03
35468,0.17,-1.3,0.47,-0.46,0.11,-0.78,-2.61,1.24,,2335,0.17,-1.3,0.47,-0.46,0.11,-0.78,-2.61,1.24
35484,0.26,1.15,1.13,-0.38,-0.59,0.1,-1.93,6.47,,2351,0.26,1.15,1.13,-0.38,-0.59,0.1,-1.93,6.47
35500,-0.08,0.79,-0.18,0.36,-0.38,0.9,-4.35,12.96,,2367,-0.08,0.79,-0.18,0.36,-0.38,0.9,-4.35,12.96
35516,0.58,-0.69,-0.1,-0.25,-0.03,0.05,-6.49,17.71,,2383,0.58,-0.69,-0.1,-0.25,-0.03,0.05,-6.49,17.71
35532,0.72,0.07,0.64,-0.07,3.57,-0.16,-10.45,15.63,,2399,0.72,0.07,0.64,-0.07,3.57,-0.16,-10.45,15.63
35548,-0.35,-0.6,0.58,0.14,-3.75,-1.07,-1.93,4.2,,2415,-0.35,-0.6,0.58,0.14,-3.75,-1.07,-1.93,4.2
35565,17.73,13.62,0.04,4.12,-6.73,-0.2,1.46,0.87,,2432,17.73,13.62,0.04,4.12,-6.73,-0.2,1.46,0.87
35581,17.04,9.23,1.6,6.19,-3.14,1.7,-0.49,0.73,,2448,17.04,9.23,1.6,6.19,-3.14,1.7,-0.49,0.73
35597,-2.89,3.83,1.26,3.4,1.04,17.23,-2.04,1.37,,2464,-2.89,3.83,1.26,3.4,1.04,17.23,-2.04,1.37
35613,-1.2,3.11,0.07,0.92,10.02,17.61,1.29,1.2,,2480,-1.2,3.11,0.07,0.92,10.02,17.61,1.29,1.2
35629,0.09,1.18,-0.15,-1.42,-2.69,17.06,5.54,3.06,,2496,0.09,1.18,-0.15,-1.42,-2.69,17.06,5.54,3.06
35645,-0.78,-0.28,-0.52,-0.41,-1.7,6.36,5.24,3.44,,2512,-0.78,-0.28,-0.52,-0.41,-1.7,6.36,5.24,3.44
35662,0.19,-0.08,-0.14,0.68,-0.1,-0.17,3.75,4.04,,2529,0.19,-0.08,-0.14,0.68,-0.1,-0.17,3.75,4.04
35678,0.06,0.53,0.35,1.03,-0.65,-1.27,1.19,4.9,,2545,0.06,0.53,0.35,1.03,-0.65,-1.27,1.19,4.9
35694,0.32,-0.38,2.2,2.93,-0.56,0.1,-0.46,7.58,,2561,0.32,-0.38,2.2,2.93,-0.56,0.1,-0.46,7.58
35710,10.61,7.55,8.02,5.59,2.04,0.16,4,9.61,,2577,10.61,7.55,8.02,5.59,2.04,0.16,4,9.61
35726,-0.81,0.56,8.02,0.56,-0.28,1.17,0.27,4.05,,2593,-0.81,0.56,8.02,0.56,-0.28,1.17,0.27,4.05
35750,0.85,0,-0.4,-0.32,-0.85,4.59,0.21,5.03,,2617,0.85,0,-0.4,-0.32,-0.85,4.59,0.21,5.03
35766,0.18,0.59,0.29,0.81,0.73,7.86,0.16,6.14,,2633,0.18,0.59,0.29,0.81,0.73,7.86,0.16,6.14
35782,4.02,3.63,3.53,3.05,2.18,5,0.84,7.14,,2649,4.02,3.63,3.53,3.05,2.18,5,0.84,7.14
35798,5.1,2.53,3.05,2.22,1.21,1.08,1.22,7.04,,2665,5.1,2.53,3.05,2.22,1.21,1.08,1.22,7.04
35814,1.12,0.79,1.7,1.23,0.18,0.91,0.67,5.92,,2681,1.12,0.79,1.7,1.23,0.18,0.91,0.67,5.92
35830,0.93,0.43,1.48,1.26,0.26,4.34,0.26,5.21,,2697,0.93,0.43,1.48,1.26,0.26,4.34,0.26,5.21
35846,2.19,2.27,2.11,1.54,1.26,5.58,0.81,5.51,,2713,2.19,2.27,2.11,1.54,1.26,5.58,0.81,5.51
35863,2.31,2.22,2.17,2.25,1.02,4.44,1.15,5.76,,2730,2.31,2.22,2.17,2.25,1.02,4.44,1.15,5.76
35879,1.73,1.9,2,1.73,0.88,3.05,0.68,5.44,,2746,1.73,1.9,2,1.73,0.88,3.05,0.68,5.44
35895,1.49,1.62,1.88,1.53,0.74,3.74,0.55,5.58,,2762,1.49,1.62,1.88,1.53,0.74,3.74,0.55,5.58
35911,1.76,1.88,1.94,1.54,0.92,3.83,0.93,6.01,,2778,1.76,1.88,1.94,1.54,0.92,3.83,0.93,6.01
35927,1.8,1.94,2.18,1.66,0.72,3.44,0.76,6.15,,2794,1.8,1.94,2.18,1.66,0.72,3.44,0.76,6.15
35943,1.63,1.65,2.33,1.28,0.85,3.41,0.62,6.25,,2810,1.63,1.65,2.33,1.28,0.85,3.41,0.62,6.25
35960,1.82,1.44,2.19,1.28,0.89,3.57,0.9,5.53,,2827,1.82,1.44,2.19,1.28,0.89,3.57,0.9,5.53
35976,1.64,1.64,1.77,1.71,0.83,3.59,0.73,5.45,,2843,1.64,1.64,1.77,1.71,0.83,3.59,0.73,5.45
35992,1.69,1.77,2.05,1.75,0.69,3.8,0.83,6.26,,2859,1.69,1.77,2.05,1.75,0.69,3.8,0.83,6.26
36008,1.44,1.91,1.88,1.85,0.77,3.67,0.84,6.07,,2875,1.44,1.91,1.88,1.85,0.77,3.67,0.84,6.07
36024,1.51,1.92,2.21,2.14,0.95,3.53,0.66,5.6,,2891,1.51,1.92,2.21,2.14,0.95,3.53,0.66,5.6
36040,1.74,1.97,2.16,1.59,0.63,3.63,0.74,5.98,,2907,1.74,1.97,2.16,1.59,0.63,3.63,0.74,5.98
36056,1.85,1.64,2.15,1.42,0.76,3.47,0.68,6.2,,2923,1.85,1.64,2.15,1.42,0.76,3.47,0.68,6.2
36073,1.91,1.51,2.29,1.47,1.08,3.71,0.84,5.09,,2940,1.91,1.51,2.29,1.47,1.08,3.71,0.84,5.09
36089,1.63,1.77,2.08,1.29,0.98,3.63,0.78,5.37,,2956,1.63,1.77,2.08,1.29,0.98,3.63,0.78,5.37
36105,1.88,1.72,1.94,1.22,0.74,3.76,0.76,5.75,,2972,1.88,1.72,1.94,1.22,0.74,3.76,0.76,5.75
36121,1.66,1.72,1.69,1.55,0.71,3.73,0.74,5.75,,2988,1.66,1.72,1.69,1.55,0.71,3.73,0.74,5.75
36137,1.69,1.72,1.74,1.94,0.67,3.74,0.57,6.12,,3004,1.69,1.72,1.74,1.94,0.67,3.74,0.57,6.12
36153,1.69,1.72,1.81,2.21,0.65,3.54,0.64,6.45,,3020,1.69,1.72,1.81,2.21,0.65,3.54,0.64,6.45
36170,1.68,1.75,2.33,2.27,0.74,3.38,0.68,6.06,,3037,1.68,1.75,2.33,2.27,0.74,3.38,0.68,6.06
36186,1.67,1.75,2.38,2.11,1,3.35,0.88,5.54,,3053,1.67,1.75,2.38,2.11,1,3.35,0.88,5.54
36202,1.9,1.69,2.48,1.96,0.63,3.63,0.82,5.81,,3069,1.9,1.69,2.48,1.96,0.63,3.63,0.82,5.81
37718,1.6,1.48,2.16,0.61,0.74,3.62,0.44,5.24,,4585,1.6,1.48,2.16,0.61,0.74,3.62,0.44,5.24
37736,1.64,1.5,2.3,0.56,0.64,3.61,0.44,5.66,,4603,1.64,1.5,2.3,0.56,0.64,3.61,0.44,5.66
37752,1.61,1.48,2,0.65,0.74,3.51,0.52,5.36,,4619,1.61,1.48,2,0.65,0.74,3.51,0.52,5.36
37768,1.69,1.55,1.78,0.77,0.74,3.84,0.49,5.24,,4635,1.69,1.55,1.78,0.77,0.74,3.84,0.49,5.24
37784,1.63,1.52,1.84,1.03,0.73,3.62,0.48,5.81,,4651,1.63,1.52,1.84,1.03,0.73,3.62,0.48,5.81
37800,1.4,1.54,1.58,1.57,0.71,3.62,0.54,5.72,,4667,1.4,1.54,1.58,1.57,0.71,3.62,0.54,5.72
37816,1.44,1.62,1.34,1.61,0.77,3.68,0.62,5.82,,4683,1.44,1.62,1.34,1.61,0.77,3.68,0.62,5.82
37832,1.53,1.65,1.35,1.81,0.79,3.63,0.46,5.93,,4699,1.53,1.65,1.35,1.81,0.79,3.63,0.46,5.93
37848,1.55,1.66,1.7,1.83,0.82,3.64,0.52,6.04,,4715,1.55,1.66,1.7,1.83,0.82,3.64,0.52,6.04
37864,1.55,1.71,1.78,2.16,0.99,3.65,0.6,5.96,,4731,1.55,1.71,1.78,2.16,0.99,3.65,0.6,5.96
37881,1.65,1.78,1.61,2.15,0.76,3.67,0.65,6.15,,4748,1.65,1.78,1.61,2.15,0.76,3.67,0.65,6.15
37897,1.73,1.85,1.95,2.05,0.79,3.68,0.71,6.1,,4764,1.73,1.85,1.95,2.05,0.79,3.68,0.71,6.1
37913,1.79,1.74,2,1.99,0.69,3.71,0.81,6.1,,4780,1.79,1.74,2,1.99,0.69,3.71,0.81,6.1
37929,1.82,1.83,2.35,1.89,0.73,3.58,0.93,5.76,,4796,1.82,1.83,2.35,1.89,0.73,3.58,0.93,5.76
37945,2.24,1.67,2.39,1.76,0.89,3.87,1.12,5.93,,4812,2.24,1.67,2.39,1.76,0.89,3.87,1.12,5.93
37961,2.05,1.81,2.35,1.65,1.04,3.95,0.64,5.61,,4828,2.05,1.81,2.35,1.65,1.04,3.95,0.64,5.61
37977,1.93,1.71,2.2,1.81,1.01,3.76,0.64,6.07,,4844,1.93,1.71,2.2,1.81,1.01,3.76,0.64,6.07
37994,1.84,1.88,2.42,1.9,0.87,3.94,0.8,5.67,,4861,1.84,1.88,2.42,1.9,0.87,3.94,0.8,5.67
38010,2.06,1.85,2.66,1.83,0.77,3.82,0.81,5.7,,4877,2.06,1.85,2.66,1.83,0.77,3.82,0.81,5.7
38026,2.01,2.05,2.38,1.86,0.87,3.73,0.45,5.89,,4893,2.01,2.05,2.38,1.86,0.87,3.73,0.45,5.89
38042,2,1.78,2.22,1.92,0.89,3.93,0.55,5.77,,4909,2,1.78,2.22,1.92,0.89,3.93,0.55,5.77
38058,2.05,1.95,2.56,2.26,0.89,4.08,0.88,6.02,,4925,2.05,1.95,2.56,2.26,0.89,4.08,0.88,6.02
38074,1.87,2.01,2.55,1.8,0.73,4.02,0.52,5.99,,4941,1.87,2.01,2.55,1.8,0.73,4.02,0.52,5.99
38091,2.26,1.8,2.26,1.4,0.88,4.05,0.57,6.16,,4958,2.26,1.8,2.26,1.4,0.88,4.05,0.57,6.16
38107,2.03,1.88,1.88,2.61,0.95,4.11,0.66,6.18,,4974,2.03,1.88,1.88,2.61,0.95,4.11,0.66,6.18
38123,2.24,1.85,3.06,2.27,0.95,4.1,0.79,6.61,,4990,2.24,1.85,3.06,2.27,0.95,4.1,0.79,6.61
38139,2.09,1.53,3,1.65,0.82,4.26,0.82,6.36,,5006,2.09,1.53,3,1.65,0.82,4.26,0.82,6.36
38155,2.45,1.51,2.8,1.61,1.13,4.24,0.86,5.56,,5022,2.45,1.51,2.8,1.61,1.13,4.24,0.86,5.56
38171,2.4,1.6,2.64,2.03,1.28,4.07,0.76,6.01,,5038,2.4,1.6,2.64,2.03,1.28,4.07,0.76,6.01
38188,2.5,1.31,2.38,1.86,1.24,4.45,0.97,6.32,,5055,2.5,1.31,2.38,1.86,1.24,4.45,0.97,6.32
38204,2.28,1.57,2.06,1.95,1.21,4.42,0.79,6.3,,5071,2.28,1.57,2.06,1.95,1.21,4.42,0.79,6.3
38220,2.38,1.54,2.24,2.13,1.29,4.25,0.9,6.18,,5087,2.38,1.54,2.24,2.13,1.29,4.25,0.9,6.18
ending hop,,,,,,,,,,,,,,,,,,
