Walk4,,,,,,,,,,Time-offsetted data,,,,,,,,
,,,,,,,,,,,,,,,,,,
,,,,,,,,,,,,,,,,,,
,,,,,,,,,,,,,,,,,,
29165,3.19,2.52,3.43,3.71,-0.41,0.39,3.18,6.26,,0,3.19,2.52,3.43,3.71,-0.41,0.39,3.18,6.26
29181,2.79,2.66,-2.03,3.48,0.42,0.58,3.72,8.49,,16,2.79,2.66,-2.03,3.48,0.42,0.58,3.72,8.49
29197,5.6,6.19,0.95,3.73,2.22,0.37,5.39,10.58,,32,5.6,6.19,0.95,3.73,2.22,0.37,5.39,10.58
29213,7.62,7.43,0.98,3.52,-1.12,-0.96,5.53,12.27,,48,7.62,7.43,0.98,3.52,-1.12,-0.96,5.53,12.27
29229,7.56,8.32,-0.64,1.76,1.34,-0.2,7.41,14.84,,64,7.56,8.32,-0.64,1.76,1.34,-0.2,7.41,14.84
29245,9.56,7.54,-0.6,0.81,1.6,0.21,5.51,14.5,,80,9.56,7.54,-0.6,0.81,1.6,0.21,5.51,14.5
29261,7.88,4.43,-0.47,1.81,-1.15,-0.05,4.59,14.39,,96,7.88,4.43,-0.47,1.81,-1.15,-0.05,4.59,14.39
29277,8.1,3.83,-0.15,0.02,-0.14,0.44,3.95,13.85,,112,8.1,3.83,-0.15,0.02,-0.14,0.44,3.95,13.85
29293,6.89,3.17,0.09,0.12,-0.37,2.98,3.58,13.37,,128,6.89,3.17,0.09,0.12,-0.37,2.98,3.58,13.37
29309,6.84,2.66,1.17,1.42,-1.6,11.87,3.88,12.96,,144,6.84,2.66,1.17,1.42,-1.6,11.87,3.88,12.96
29326,5.83,2.49,8.09,-1.11,-1.47,11.77,5.36,9.35,,161,5.83,2.49,8.09,-1.11,-1.47,11.77,5.36,9.35
29342,1.08,1.58,3.57,-0.34,-0.08,8.47,4.24,5.78,,177,1.08,1.58,3.57,-0.34,-0.08,8.47,4.24,5.78
29358,0.59,-0.31,2.76,-0.08,-3.63,5.86,3.61,3.88,,193,0.59,-0.31,2.76,-0.08,-3.63,5.86,3.61,3.88
29374,0.03,3.33,-1.73,-0.53,0.12,-2.13,3.59,2.86,,209,0.03,3.33,-1.73,-0.53,0.12,-2.13,3.59,2.86
29390,2.27,6.97,-0.43,-1.42,0.31,-0.42,4.38,4.55,,225,2.27,6.97,-0.43,-1.42,0.31,-0.42,4.38,4.55
29406,5.71,10.82,3.67,-1.21,-0.51,-0.28,6.81,6.41,,241,5.71,10.82,3.67,-1.21,-0.51,-0.28,6.81,6.41
29423,5.69,12.07,2.75,-2,-0.54,-0.05,0.89,-3.91,,258,5.69,12.07,2.75,-2,-0.54,-0.05,0.89,-3.91
29440,-4.68,-6.13,0.16,-0.96,0.38,0.5,1.47,0.01,,275,-4.68,-6.13,0.16,-0.96,0.38,0.5,1.47,0.01
29457,-0.53,-0.39,1.23,0.76,7.15,4.79,-1.89,-2.37,,292,-0.53,-0.39,1.23,0.76,7.15,4.79,-1.89,-2.37
29473,0.4,-0.12,2.29,3.8,8.01,8.5,0.34,-0.46,,308,0.4,-0.12,2.29,3.8,8.01,8.5,0.34,-0.46
29489,-0.76,-0.21,7.53,5.02,7.28,11.43,4.22,-0.1,,324,-0.76,-0.21,7.53,5.02,7.28,11.43,4.22,-0.1
29506,0.61,2.63,10.47,3.51,3.04,9.34,3.4,2.15,,341,0.61,2.63,10.47,3.51,3.04,9.34,3.4,2.15
29523,-0.65,2.1,7.16,5.73,-0.94,7.04,-0.26,0.3,,358,-0.65,2.1,7.16,5.73,-0.94,7.04,-0.26,0.3
29539,-0.32,0.76,1.9,8.8,-0.68,6.59,0.36,0.2,,374,-0.32,0.76,1.9,8.8,-0.68,6.59,0.36,0.2
29555,-0.33,0.26,0.04,11.83,0.88,6.51,0.32,10.18,,390,-0.33,0.26,0.04,11.83,0.88,6.51,0.32,10.18
29573,2.23,-0.38,1.09,9.7,1.73,6.56,0.57,17.85,,408,2.23,-0.38,1.09,9.7,1.73,6.56,0.57,17.85
29589,7.72,0.53,1.51,1.64,2.22,5.09,-0.38,17.9,,424,7.72,0.53,1.51,1.64,2.22,5.09,-0.38,17.9
29605,7.38,2.27,-0.9,0.18,1.52,1.43,-0.23,16.82,,440,7.38,2.27,-0.9,0.18,1.52,1.43,-0.23,16.82
29621,5.9,2.46,-0.04,0.6,0.09,0.01,-4.44,12.82,,456,5.9,2.46,-0.04,0.6,0.09,0.01,-4.44,12.82
29639,4.21,-5.97,-0.29,3.27,0.11,0.28,1.26,2.91,,474,4.21,-5.97,-0.29,3.27,0.11,0.28,1.26,2.91
29655,0.78,0.36,-0.01,3.75,3.45,0.07,2.63,2.4,,490,0.78,0.36,-0.01,3.75,3.45,0.07,2.63,2.4
29671,1.85,5.33,1.73,1.61,5.6,-0.05,5.62,1.49,,506,1.85,5.33,1.73,1.61,5.6,-0.05,5.62,1.49
29687,5.57,9.64,2.83,-0.27,5.46,-5.72,5.52,0.02,,522,5.57,9.64,2.83,-0.27,5.46,-5.72,5.52,0.02
29703,2.96,7.55,-5.07,0.09,-0.47,0.29,3,1.13,,538,2.96,7.55,-5.07,0.09,-0.47,0.29,3,1.13
29720,1.6,6.42,0.08,0.75,0.66,0.57,4.95,4.23,,555,1.6,6.42,0.08,0.75,0.66,0.57,4.95,4.23
29736,2.23,6.99,0.32,9.4,-0.23,-0.46,3.89,6.44,,571,2.23,6.99,0.32,9.4,-0.23,-0.46,3.89,6.44
29752,3.23,8.02,-0.88,13.12,1.19,-0.47,4.64,8.48,,587,3.23,8.02,-0.88,13.12,1.19,-0.47,4.64,8.48
29768,5.79,8.8,2.08,0.2,1.55,0,3.88,8.15,,603,5.79,8.8,2.08,0.2,1.55,0,3.88,8.15
29784,3.07,4.3,0.26,-1.64,-1.18,0,1.72,7.67,,619,3.07,4.3,0.26,-1.64,-1.18,0,1.72,7.67
29800,2.22,2.71,0.09,-0.94,-0.55,0.96,2.28,8.11,,635,2.22,2.71,0.09,-0.94,-0.55,0.96,2.28,8.11
29817,2.69,1.45,-0.08,0.82,-0.33,6.39,2.98,9.6,,652,2.69,1.45,-0.08,0.82,-0.33,6.39,2.98,9.6
29833,3.95,1.54,3.89,14.46,-3.18,17.78,3.97,10.18,,668,3.95,1.54,3.89,14.46,-3.18,17.78,3.97,10.18
29849,3.37,0.78,12.14,0.33,-3.07,17.83,4.58,5.45,,684,3.37,0.78,12.14,0.33,-3.07,17.83,4.58,5.45
29865,-0.72,-0.02,6.72,0.25,-1.33,16.93,2.41,-0.13,,700,-0.72,-0.02,6.72,0.25,-1.33,16.93,2.41,-0.13
29881,-0.56,0.14,3.65,-0.11,-2.74,11.86,0.53,0.17,,716,-0.56,0.14,3.65,-0.11,-2.74,11.86,0.53,0.17
29897,-0.5,0.31,-0.68,-0.98,0.19,1.55,0.6,0.55,,732,-0.5,0.31,-0.68,-0.98,0.19,1.55,0.6,0.55
29913,0.73,0.45,-0.63,-1.22,0.53,0.14,5.38,1.28,,748,0.73,0.45,-0.63,-1.22,0.53,0.14,5.38,1.28
29930,0.03,0.41,2.55,-1.26,3.22,0.05,8.15,0.54,,765,0.03,0.41,2.55,-1.26,3.22,0.05,8.15,0.54
29946,4.53,10.81,5.97,-1.88,6.09,-1.65,3.3,-3.39,,781,4.53,10.81,5.97,-1.88,6.09,-1.65,3.3,-3.39
29963,-8.6,8.83,3,-0.5,1.63,-0.88,0.56,0.32,,798,-8.6,8.83,3,-0.5,1.63,-0.88,0.56,0.32
29980,0.31,2.42,0.54,1.03,7.91,2.69,0.18,-1.08,,815,0.31,2.42,0.54,1.03,7.91,2.69,0.18,-1.08
29996,0.51,0.28,0.2,5.99,6.12,3.35,-0.09,0.9,,831,0.51,0.28,0.2,5.99,6.12,3.35,-0.09,0.9
30012,-0.19,0.44,1.82,12.7,4.33,6.9,2.92,-1.01,,847,-0.19,0.44,1.82,12.7,4.33,6.9,2.92,-1.01
30029,0.74,7.39,5.76,10.22,2.62,8.06,-0.4,0.13,,864,0.74,7.39,5.76,10.22,2.62,8.06,-0.4,0.13
30045,1.11,13.11,3.59,9.56,0.52,9.1,0.9,-0.48,,880,1.11,13.11,3.59,9.56,0.52,9.1,0.9,-0.48
30062,0.05,-3.11,1.65,8.48,0.26,10.23,0.45,1.74,,897,0.05,-3.11,1.65,8.48,0.26,10.23,0.45,1.74
30078,-0.46,-0.29,2.18,8.67,0.66,11.12,0.27,13.19,,913,-0.46,-0.29,2.18,8.67,0.66,11.12,0.27,13.19
30095,1.96,-0.42,3.43,7.67,0.61,10.58,-0.88,17.82,,930,1.96,-0.42,3.43,7.67,0.61,10.58,-0.88,17.82
30111,10.56,-0.98,1.85,3.6,2.26,6.46,-0.65,17.84,,946,10.56,-0.98,1.85,3.6,2.26,6.46,-0.65,17.84
30128,5.77,-0.09,-0.37,1.36,-0.69,1.62,0.6,17.8,,963,5.77,-0.09,-0.37,1.36,-0.69,1.62,0.6,17.8
30144,2.29,0.79,0.01,1.16,-0.47,0.24,-4.86,14.07,,979,2.29,0.79,0.01,1.16,-0.47,0.24,-4.86,14.07
30162,1.8,-3.55,-0.03,2.4,-0.03,0.14,0.84,3.33,,997,1.8,-3.55,-0.03,2.4,-0.03,0.14,0.84,3.33
30178,0.35,0.91,0.32,1.1,0.08,0.13,1.79,1.11,,1013,0.35,0.91,0.32,1.1,0.08,0.13,1.79,1.11
30194,2.04,5.97,1.34,-0.44,4.12,-0.59,5.96,1.14,,1029,2.04,5.97,1.34,-0.44,4.12,-0.59,5.96,1.14
30210,2.48,11.77,-0.14,0.48,5.71,-5.04,6.34,0.1,,1045,2.48,11.77,-0.14,0.48,5.71,-5.04,6.34,0.1
30226,0.32,7.99,-4.34,-0.27,0.25,0.19,3.29,1.55,,1061,0.32,7.99,-4.34,-0.27,0.25,0.19,3.29,1.55
30242,0.9,6.5,0.68,4.58,0.61,0.28,4.6,4.9,,1077,0.9,6.5,0.68,4.58,0.61,0.28,4.6,4.9
30258,3.46,5.25,0.54,11.12,-0.19,-0.7,3.56,7.05,,1093,3.46,5.25,0.54,11.12,-0.19,-0.7,3.56,7.05
30274,5.25,6.06,1.73,12.99,1.26,-0.39,5.19,8.38,,1109,5.25,6.06,1.73,12.99,1.26,-0.39,5.19,8.38
30290,5.74,6.29,1.2,1.12,1.26,-0.34,3.27,7.14,,1125,5.74,6.29,1.2,1.12,1.26,-0.34,3.27,7.14
30314,1.9,2.88,-0.96,-0.96,0.3,0.16,3.2,7.67,,1149,1.9,2.88,-0.96,-0.96,0.3,0.16,3.2,7.67
30330,2.83,2.42,0.65,-0.19,-0.03,5.19,3.98,9.21,,1165,2.83,2.42,0.65,-0.19,-0.03,5.19,3.98,9.21
30346,3.7,1.64,7.37,1.59,-3.09,17.79,4.01,9.9,,1181,3.7,1.64,7.37,1.59,-3.09,17.79,4.01,9.9
30362,2.96,0.66,12.01,13.48,-2.97,17.86,4.52,4.97,,1197,2.96,0.66,12.01,13.48,-2.97,17.86,4.52,4.97
30378,-0.96,-0.1,7.15,-0.8,-1.07,16.66,1.62,0.22,,1213,-0.96,-0.1,7.15,-0.8,-1.07,16.66,1.62,0.22
30394,-0.48,0.34,3.32,0.11,-2.38,11.88,0.51,0.6,,1229,-0.48,0.34,3.32,0.11,-2.38,11.88,0.51,0.6
30410,-0.19,0.32,-1.84,-0.78,-0.05,1.28,0.08,0.59,,1245,-0.19,0.32,-1.84,-0.78,-0.05,1.28,0.08,0.59
30427,0.53,0.49,-0.28,-2.59,0.41,0.28,5.79,1.55,,1262,0.53,0.49,-0.28,-2.59,0.41,0.28,5.79,1.55
30443,0.07,0.46,2.76,-2.11,3.13,0.05,8.07,1.2,,1278,0.07,0.46,2.76,-2.11,3.13,0.05,8.07,1.2
30459,5.52,11.28,6.5,-2,6.02,-0.42,3.96,-3.28,,1294,5.52,11.28,6.5,-2,6.02,-0.42,3.96,-3.28
30477,-9.03,8.38,2.99,-0.9,1.43,-0.29,0.59,0.28,,1312,-9.03,8.38,2.99,-0.9,1.43,-0.29,0.59,0.28
30493,0.17,2.26,0.59,0.65,7.91,2.73,-0.49,-1.16,,1328,0.17,2.26,0.59,0.65,7.91,2.73,-0.49,-1.16
30509,0.36,0.28,0.35,6.79,6.33,3.26,0.51,0.64,,1344,0.36,0.28,0.35,6.79,6.33,3.26,0.51,0.64
30525,0.1,0.64,1.97,12.55,4.55,6.75,2.51,-0.99,,1360,0.1,0.64,1.97,12.55,4.55,6.75,2.51,-0.99
30542,0.72,1.59,5.84,9.64,2.95,8,-0.58,0.2,,1377,0.72,1.59,5.84,9.64,2.95,8,-0.58,0.2
30559,2.08,10.64,4.65,8.84,2.24,9.65,0.68,0.4,,1394,2.08,10.64,4.65,8.84,2.24,9.65,0.68,0.4
30575,-0.02,-2.47,2.38,7.96,1.12,9.77,0.4,2.06,,1410,-0.02,-2.47,2.38,7.96,1.12,9.77,0.4,2.06
30591,-0.52,-0.06,2.88,8.4,1.45,10.9,0.06,13.12,,1426,-0.52,-0.06,2.88,8.4,1.45,10.9,0.06,13.12
30608,1.96,-0.14,4,8.05,1.37,9.24,-1.24,17.82,,1443,1.96,-0.14,4,8.05,1.37,9.24,-1.24,17.82
30624,10.71,-1.39,1.58,3.85,3.01,4.73,-0.6,17.93,,1459,10.71,-1.39,1.58,3.85,3.01,4.73,-0.6,17.93
30641,5.49,-0.62,-0.19,1.62,0.51,0.02,0.57,17.68,,1476,5.49,-0.62,-0.19,1.62,0.51,0.02,0.57,17.68
30657,2.27,0.63,0.12,1.57,-0.21,0.12,-5.58,13.74,,1492,2.27,0.63,0.12,1.57,-0.21,0.12,-5.58,13.74
30675,1.88,-3.36,-0.31,2.09,0.06,0.37,0.82,3.57,,1510,1.88,-3.36,-0.31,2.09,0.06,0.37,0.82,3.57
30691,0.15,1.03,0.51,0.59,-0.27,0.01,1.8,1.64,,1526,0.15,1.03,0.51,0.59,-0.27,0.01,1.8,1.64
30707,1.64,6.34,1.47,-0.07,5.25,0.1,6.06,1.26,,1542,1.64,6.34,1.47,-0.07,5.25,0.1,6.06,1.26
30723,2.88,11.63,0.29,-0.27,5.66,-5.03,6.13,0.12,,1558,2.88,11.63,0.29,-0.27,5.66,-5.03,6.13,0.12
30739,0.16,8.03,-5.61,-0.62,0.17,0.92,3.02,1.63,,1574,0.16,8.03,-5.61,-0.62,0.17,0.92,3.02,1.63
30755,1.09,5.67,0.27,3.82,0.66,0.17,4.11,4.91,,1590,1.09,5.67,0.27,3.82,0.66,0.17,4.11,4.91
30771,3.17,5.33,0.9,10.69,-0.22,-0.45,2.92,7.37,,1606,3.17,5.33,0.9,10.69,-0.22,-0.45,2.92,7.37
30787,4.71,5.72,1.43,13.53,1.85,-0.19,5.08,9.04,,1622,4.71,5.72,1.43,13.53,1.85,-0.19,5.08,9.04
30803,6.13,6.82,1.34,3.23,1.51,-0.05,3.56,7.83,,1638,6.13,6.82,1.34,3.23,1.51,-0.05,3.56,7.83
30819,3.14,3.46,0.69,0.32,-0.99,0.18,3.43,7.71,,1654,3.14,3.46,0.69,0.32,-0.99,0.18,3.43,7.71
30836,3.01,2.77,-0.01,-0.1,0.69,1.72,3.39,8.32,,1671,3.01,2.77,-0.01,-0.1,0.69,1.72,3.39,8.32
30852,3.42,1.68,0.03,1.3,-0.27,6.12,3.55,10.29,,1687,3.42,1.68,0.03,1.3,-0.27,6.12,3.55,10.29
30868,4.62,1.54,7.02,13.03,-3.35,17.79,3.83,10.38,,1703,4.62,1.54,7.02,13.03,-3.35,17.79,3.83,10.38
30884,3.52,0.58,12.02,-1.04,-2.59,17.88,3.92,4.37,,1719,3.52,0.58,12.02,-1.04,-2.59,17.88,3.92,4.37
30900,-1.09,0.14,6.02,-1.04,-0.33,16.49,1.4,0.31,,1735,-1.09,0.14,6.02,-1.04,-0.33,16.49,1.4,0.31
30916,-0.46,0.31,2.67,0.08,-2.01,11.48,-0.31,0.25,,1751,-0.46,0.31,2.67,0.08,-2.01,11.48,-0.31,0.25
30933,-0.54,0.29,-1.3,-0.16,0.06,0.16,0.04,0.34,,1768,-0.54,0.29,-1.3,-0.16,0.06,0.16,0.04,0.34
30949,0.56,0.54,-0.47,-2.13,0.48,-0.3,5.4,1.52,,1784,0.56,0.54,-0.47,-2.13,0.48,-0.3,5.4,1.52
30965,-0.48,0.55,2.54,-1.84,3.71,0.47,8.67,1.13,,1800,-0.48,0.55,2.54,-1.84,3.71,0.47,8.67,1.13
30981,5.38,10.98,6.34,-1.64,6.24,-1.33,3.8,-4.2,,1816,5.38,10.98,6.34,-1.64,6.24,-1.33,3.8,-4.2
30999,-8.12,7.61,2.85,-1.09,0.99,-1.33,0.56,1.34,,1834,-8.12,7.61,2.85,-1.09,0.99,-1.33,0.56,1.34
31023,0.57,-1.62,0.54,0.96,7.39,2.86,0.26,-0.41,,1858,0.57,-1.62,0.54,0.96,7.39,2.86,0.26,-0.41
31039,0.16,-0.22,-0.17,6.81,4.16,4.72,2.45,-0.31,,1874,0.16,-0.22,-0.17,6.81,4.16,4.72,2.45,-0.31
31056,0.6,1.28,5.4,14.16,3.88,7.59,-0.55,0.11,,1891,0.6,1.28,5.4,14.16,3.88,7.59,-0.55,0.11
31072,2.26,10.17,4.86,9.72,2.42,9.62,0.7,0.67,,1907,2.26,10.17,4.86,9.72,2.42,9.62,0.7,0.67
31088,-0.39,0.59,3.12,8.98,2.12,10.67,0.11,2.02,,1923,-0.39,0.59,3.12,8.98,2.12,10.67,0.11,2.02
31105,-0.6,0.26,3.25,7.8,1.52,10.93,-0.96,13.07,,1940,-0.6,0.26,3.25,7.8,1.52,10.93,-0.96,13.07
31122,2.23,-0.38,3.98,8.88,1.72,9.92,-1.82,17.79,,1957,2.23,-0.38,3.98,8.88,1.72,9.92,-1.82,17.79
31138,10.97,-2.02,1.12,5.87,3.18,4.4,-0.49,17.93,,1973,10.97,-2.02,1.12,5.87,3.18,4.4,-0.49,17.93
31154,5.59,-0.63,0.54,3.09,0.74,-0.79,0.71,17.4,,1989,5.59,-0.63,0.54,3.09,0.74,-0.79,0.71,17.4
31170,1.7,0.62,-0.14,2.16,0.2,-0.01,-4.57,13.03,,2005,1.7,0.62,-0.14,2.16,0.2,-0.01,-4.57,13.03
31188,1.44,-2.81,-0.32,1.87,-0.12,0.38,0.96,1.36,,2023,1.44,-2.81,-0.32,1.87,-0.12,0.38,0.96,1.36
31204,-0.01,0.87,0.15,0.37,0.28,-0.07,1.58,1.38,,2039,-0.01,0.87,0.15,0.37,0.28,-0.07,1.58,1.38
31220,1.76,6.76,2.36,0.87,6.36,0.41,6.91,1.22,,2055,1.76,6.76,2.36,0.87,6.36,0.41,6.91,1.22
31237,3.57,11.77,1.42,-0.81,5.46,-5.89,6.93,0.06,,2072,3.57,11.77,1.42,-0.81,5.46,-5.89,6.93,0.06
31253,0.3,7.79,-6.11,0.01,0.7,0.05,2.67,1.33,,2088,0.3,7.79,-6.11,0.01,0.7,0.05,2.67,1.33
31269,1.14,5.04,-0.19,0.97,0.65,0.36,4.09,4.82,,2104,1.14,5.04,-0.19,0.97,0.65,0.36,4.09,4.82
31285,3.38,4.34,1.36,10.38,-0.58,-0.49,2.83,7.46,,2120,3.38,4.34,1.36,10.38,-0.58,-0.49,2.83,7.46
31301,5.33,5,2.25,13.32,1.96,-0.48,5.16,8.95,,2136,5.33,5,2.25,13.32,1.96,-0.48,5.16,8.95
31317,5.75,5.43,0.36,4.24,1.59,0.07,3.81,7.98,,2152,5.75,5.43,0.36,4.24,1.59,0.07,3.81,7.98
31333,3.08,2.98,0.25,0.66,-1.01,0.13,3.23,7.9,,2168,3.08,2.98,0.25,0.66,-1.01,0.13,3.23,7.9
31350,2.41,1.7,0.13,-0.21,-0.47,1.81,3.17,9.02,,2185,2.41,1.7,0.13,-0.21,-0.47,1.81,3.17,9.02
31366,3.81,1.43,0.11,2.27,0.27,7.25,3.64,10.7,,2201,3.81,1.43,0.11,2.27,0.27,7.25,3.64,10.7
31382,5.2,1.27,2.7,16.33,-2.98,17.77,3.03,10.67,,2217,5.2,1.27,2.7,16.33,-2.98,17.77,3.03,10.67
31398,3.94,0.42,11.5,-1.2,-2.69,17.77,3.75,4.66,,2233,3.94,0.42,11.5,-1.2,-2.69,17.77,3.75,4.66
31414,-1.02,0.25,5.38,0,-0.5,17.84,0.64,0.11,,2249,-1.02,0.25,5.38,0,-0.5,17.84,0.64,0.11
31430,-0.51,0.32,2.34,0.12,-1.85,12.15,-0.14,0.56,,2265,-0.51,0.32,2.34,0.12,-1.85,12.15,-0.14,0.56
31447,-0.69,0.33,-1.29,-0.75,0.26,1.11,0.06,0.44,,2282,-0.69,0.33,-1.29,-0.75,0.26,1.11,0.06,0.44
31463,0.94,0.52,-0.68,-2.44,0.79,0.33,4.35,1.32,,2298,0.94,0.52,-0.68,-2.44,0.79,0.33,4.35,1.32
31479,0.08,0.24,2.67,-1.67,3.59,0.39,8.8,1.64,,2314,0.08,0.24,2.67,-1.67,3.59,0.39,8.8,1.64
31495,4.34,11.44,6.2,-1.73,6.01,-2.07,5.95,-5.11,,2330,4.34,11.44,6.2,-1.73,6.01,-2.07,5.95,-5.11
31513,-9.3,7.44,3.23,-1.15,0.29,0.35,0.33,-0.05,,2348,-9.3,7.44,3.23,-1.15,0.29,0.35,0.33,-0.05
31529,0.14,1.97,-0.18,0.43,7.29,2.63,-0.32,-1.28,,2364,0.14,1.97,-0.18,0.43,7.29,2.63,-0.32,-1.28
31545,0.2,0.6,-0.37,6.62,5.31,3.54,0.31,0.92,,2380,0.2,0.6,-0.37,6.62,5.31,3.54,0.31,0.92
31561,-0.14,0.25,1.95,14.01,3.89,6.77,2.76,-0.82,,2396,-0.14,0.25,1.95,14.01,3.89,6.77,2.76,-0.82
31579,0.57,1.63,6.07,10.21,2.47,8.7,-0.36,0.02,,2414,0.57,1.63,6.07,10.21,2.47,8.7,-0.36,0.02
31595,2.03,8.36,4.85,8.5,2.51,10.31,0.46,1.17,,2430,2.03,8.36,4.85,8.5,2.51,10.31,0.46,1.17
31611,0.03,-1.73,2.97,7.76,1.08,10.92,0.54,2.7,,2446,0.03,-1.73,2.97,7.76,1.08,10.92,0.54,2.7
31627,-0.1,-0.51,3.25,8.64,1.15,10.83,-0.17,13.5,,2462,-0.1,-0.51,3.25,8.64,1.15,10.83,-0.17,13.5
31645,1.9,-0.18,3.5,8.02,1.25,9.72,-1.81,17.83,,2480,1.9,-0.18,3.5,8.02,1.25,9.72,-1.81,17.83
31661,10.2,-1.07,1.53,5.09,2.46,5.08,-0.79,17.93,,2496,10.2,-1.07,1.53,5.09,2.46,5.08,-0.79,17.93
31677,5.67,-0.61,0.04,1.83,-0.51,0.26,0.73,17.34,,2512,5.67,-0.61,0.04,1.83,-0.51,0.26,0.73,17.34
31693,3.04,0.74,0.08,1.65,-0.18,0.08,-4.61,13.67,,2528,3.04,0.74,0.08,1.65,-0.18,0.08,-4.61,13.67
31711,2.62,-3.5,-0.34,0.68,-0.23,0.4,1.35,3.35,,2546,2.62,-3.5,-0.34,0.68,-0.23,0.4,1.35,3.35
31727,0.49,0.49,0.6,0.72,-0.02,-0.17,1.85,2.29,,2562,0.49,0.49,0.6,0.72,-0.02,-0.17,1.85,2.29
31743,1.39,7.03,0.92,-0.15,5.57,0.6,6.12,1.1,,2578,1.39,7.03,0.92,-0.15,5.57,0.6,6.12,1.1
31759,3.01,11.63,-0.52,0.23,4.99,-5.49,5.28,-0.17,,2594,3.01,11.63,-0.52,0.23,4.99,-5.49,5.28,-0.17
31775,0.82,7.91,-6.7,-0.35,0.96,0.05,1.88,2.15,,2610,0.82,7.91,-6.7,-0.35,0.96,0.05,1.88,2.15
31791,1.27,5.51,0.95,5.32,0.6,0.31,4,6.15,,2626,1.27,5.51,0.95,5.32,0.6,0.31,4,6.15
31807,2.89,5.38,0.19,11.4,0.14,-0.47,2.96,7.5,,2642,2.89,5.38,0.19,11.4,0.14,-0.47,2.96,7.5
31823,4.57,6.07,-0.31,13.6,1.34,-0.54,4.52,10.18,,2658,4.57,6.07,-0.31,13.6,1.34,-0.54,4.52,10.18
31840,7.34,7.5,1.83,1.54,1.93,0.18,3.76,9.46,,2675,7.34,7.5,1.83,1.54,1.93,0.18,3.76,9.46
31856,4.37,3.12,0.31,-1.19,-1.04,0.04,3.33,8.64,,2691,4.37,3.12,0.31,-1.19,-1.04,0.04,3.33,8.64
31872,3.14,2.91,0.17,-0.77,0.41,1.35,3.08,8.84,,2707,3.14,2.91,0.17,-0.77,0.41,1.35,3.08,8.84
31888,3.27,1.51,0.2,1.38,0.05,6.8,2.83,10.19,,2723,3.27,1.51,0.2,1.38,0.05,6.8,2.83,10.19
31904,4.09,1.23,2.81,11.64,-3.15,17.79,2.76,10.1,,2739,4.09,1.23,2.81,11.64,-3.15,17.79,2.76,10.1
31920,3.6,0.29,11.9,-0.39,-2.73,17.88,3.72,5.16,,2755,3.6,0.29,11.9,-0.39,-2.73,17.88,3.72,5.16
31936,-0.94,0.11,6.27,-0.37,-0.67,16.93,1.1,-0.38,,2771,-0.94,0.11,6.27,-0.37,-0.67,16.93,1.1,-0.38
31953,-0.39,0.31,3.36,0.04,-1.94,11.96,0.12,-0.21,,2788,-0.39,0.31,3.36,0.04,-1.94,11.96,0.12,-0.21
31969,-0.55,0.31,-1.62,-0.57,-0.57,2.38,-0.26,0.38,,2804,-0.55,0.31,-1.62,-0.57,-0.57,2.38,-0.26,0.38
31985,0.58,0.58,-0.56,-1.25,0.33,0.89,5.89,1.35,,2820,0.58,0.58,-0.56,-1.25,0.33,0.89,5.89,1.35
32001,-0.17,0.46,2.63,-1.06,4.08,0.73,8.04,1.21,,2836,-0.17,0.46,2.63,-1.06,4.08,0.73,8.04,1.21
32017,4.97,11.56,5.91,-1.6,6.16,-1.54,2.82,-3.67,,2852,4.97,11.56,5.91,-1.6,6.16,-1.54,2.82,-3.67
32035,-9.3,7.18,2.67,-1.1,0.19,0.45,0,0.29,,2870,-9.3,7.18,2.67,-1.1,0.19,0.45,0,0.29
32051,-0.54,2.66,0.03,0.85,7.52,2.57,0.36,-1.21,,2886,-0.54,2.66,0.03,0.85,7.52,2.57,0.36,-1.21
32067,0.15,0.43,-0.12,6.47,5.23,4.01,0.28,0.99,,2902,0.15,0.43,-0.12,6.47,5.23,4.01,0.28,0.99
32083,-0.17,0.67,1.86,13.92,3.85,7,2.82,-1.05,,2918,-0.17,0.67,1.86,13.92,3.85,7,2.82,-1.05
32101,0.56,1.9,5.93,9.39,2.47,9.5,-0.61,0.16,,2936,0.56,1.9,5.93,9.39,2.47,9.5,-0.61,0.16
32117,1.53,10.36,4.67,8.81,2.86,11.51,0.62,0.94,,2952,1.53,10.36,4.67,8.81,2.86,11.51,0.62,0.94
32133,0.05,-3.01,3.59,7.88,0.85,10.75,0.22,1.97,,2968,0.05,-3.01,3.59,7.88,0.85,10.75,0.22,1.97
32149,-0.78,-0.23,3.28,9.14,1.35,10.97,-0.33,12.42,,2984,-0.78,-0.23,3.28,9.14,1.35,10.97,-0.33,12.42
32167,2.01,-0.26,3.65,7.95,1.38,9.92,-1.38,17.81,,3002,2.01,-0.26,3.65,7.95,1.38,9.92,-1.38,17.81
32183,10.64,-1.27,1.37,5.22,2.77,4.66,-0.65,17.93,,3018,10.64,-1.27,1.37,5.22,2.77,4.66,-0.65,17.93
32199,5.48,-0.8,0.01,2.03,0.34,-0.46,0.95,17.23,,3034,5.48,-0.8,0.01,2.03,0.34,-0.46,0.95,17.23
32215,2.2,0.7,0.15,1.78,-0.29,0.08,-4.84,13.18,,3050,2.2,0.7,0.15,1.78,-0.29,0.08,-4.84,13.18
32233,2.38,-3.42,-0.3,1.53,0.11,0.21,0.9,2.66,,3068,2.38,-3.42,-0.3,1.53,0.11,0.21,0.9,2.66
32249,0.28,1.05,0.29,0.4,-0.17,-0.08,2,1.73,,3084,0.28,1.05,0.29,0.4,-0.17,-0.08,2,1.73
32265,1.72,6.67,1.28,0.51,5.3,0.44,6.56,1.43,,3100,1.72,6.67,1.28,0.51,5.3,0.44,6.56,1.43
32281,2.74,11.66,-0.45,0.15,5.57,-5.38,6.45,0.57,,3116,2.74,11.66,-0.45,0.15,5.57,-5.38,6.45,0.57
32297,0.62,7.96,-4.62,-0.43,0.2,0.77,2.53,1.73,,3132,0.62,7.96,-4.62,-0.43,0.2,0.77,2.53,1.73
32313,1.53,5.2,0.26,5.2,0.86,0.4,4.03,5.6,,3148,1.53,5.2,0.26,5.2,0.86,0.4,4.03,5.6
32329,3.76,4.84,0.61,11.82,-0.18,-0.31,2.78,7.47,,3164,3.76,4.84,0.61,11.82,-0.18,-0.31,2.78,7.47
32346,5.26,5.71,1.14,13.28,1.66,-0.19,5.02,9.81,,3181,5.26,5.71,1.14,13.28,1.66,-0.19,5.02,9.81
32362,6.94,6.12,0.83,2.6,1.58,0.17,3.48,8.74,,3197,6.94,6.12,0.83,2.6,1.58,0.17,3.48,8.74
32378,3.71,3.58,0.54,-0.32,-1.19,0.41,3.65,8.24,,3213,3.71,3.58,0.54,-0.32,-1.19,0.41,3.65,8.24
32394,3.21,2.86,0.07,-0.29,0.96,1.55,3.44,8.91,,3229,3.21,2.86,0.07,-0.29,0.96,1.55,3.44,8.91
32410,3.78,1.51,-0.04,1.17,-0.06,6.66,3.21,10.6,,3245,3.78,1.51,-0.04,1.17,-0.06,6.66,3.21,10.6
32426,4.62,1.4,5.02,12.79,-3.45,17.78,3.31,10.52,,3261,4.62,1.4,5.02,12.79,-3.45,17.78,3.31,10.52
32442,3.66,0.39,11.84,-0.66,-2.77,17.9,3.93,4.7,,3277,3.66,0.39,11.84,-0.66,-2.77,17.9,3.93,4.7
32458,-1.32,0.08,6.15,-0.43,-0.49,16.82,1.2,0.03,,3293,-1.32,0.08,6.15,-0.43,-0.49,16.82,1.2,0.03
32475,-0.46,0.25,2.74,-0.09,-2.03,12.07,-0.01,0.2,,3310,-0.46,0.25,2.74,-0.09,-2.03,12.07,-0.01,0.2
32491,-0.54,0.29,-1.14,-0.5,-0.45,1.34,0.09,0.41,,3326,-0.54,0.29,-1.14,-0.5,-0.45,1.34,0.09,0.41
32507,0.47,0.58,-0.68,-1.56,0.36,0.82,5.67,1.29,,3342,0.47,0.58,-0.68,-1.56,0.36,0.82,5.67,1.29
32523,0.02,0.26,3.03,-1.54,4.14,0.79,8.3,1.46,,3358,0.02,0.26,3.03,-1.54,4.14,0.79,8.3,1.46
32539,5.02,11.32,6.39,-1.73,6.38,-1.82,3.5,-3.63,,3374,5.02,11.32,6.39,-1.73,6.38,-1.82,3.5,-3.63
32557,-9.58,7.3,3.08,-0.88,0.43,0.12,-0.04,0.07,,3392,-9.58,7.3,3.08,-0.88,0.43,0.12,-0.04,0.07
32573,0.32,2.58,0.02,0.96,7.45,2.57,0.59,-1.41,,3408,0.32,2.58,0.02,0.96,7.45,2.57,0.59,-1.41
32589,0.38,0.37,-0.09,6.1,5.23,3.44,0.26,1.19,,3424,0.38,0.37,-0.09,6.1,5.23,3.44,0.26,1.19
32605,-0.19,0.38,2.04,14.05,3.92,7.01,2.77,-0.96,,3440,-0.19,0.38,2.04,14.05,3.92,7.01,2.77,-0.96
32623,0.89,1.58,6.08,9.44,2.74,9.4,-0.88,-0.43,,3458,0.89,1.58,6.08,9.44,2.74,9.4,-0.88,-0.43
32639,1.55,10.3,4.87,8.58,2.54,11.33,0.28,1.53,,3474,1.55,10.3,4.87,8.58,2.54,11.33,0.28,1.53
32655,0.1,-2.82,3.71,7.67,0.91,11.04,0.13,2.54,,3490,0.1,-2.82,3.71,7.67,0.91,11.04,0.13,2.54
32671,-0.65,-0.15,3.36,8.71,1.16,11.12,-0.44,12.84,,3506,-0.65,-0.15,3.36,8.71,1.16,11.12,-0.44,12.84
32689,1.7,-0.27,3.82,8.08,1.22,9.9,-1.52,17.82,,3524,1.7,-0.27,3.82,8.08,1.22,9.9,-1.52,17.82
32705,10.11,-1.41,1.8,4.32,2.78,5.25,-0.38,17.94,,3540,10.11,-1.41,1.8,4.32,2.78,5.25,-0.38,17.94
32721,5.63,-0.48,-0.45,1.68,0.35,0.28,0.69,17.86,,3556,5.63,-0.48,-0.45,1.68,0.35,0.28,0.69,17.86
32737,2.39,0.86,-0.04,1.27,-0.47,-0.17,-5.22,13.96,,3572,2.39,0.86,-0.04,1.27,-0.47,-0.17,-5.22,13.96
32755,2.53,-3.53,-0.31,0.99,-0.27,0.4,1.33,2.81,,3590,2.53,-3.53,-0.31,0.99,-0.27,0.4,1.33,2.81
32771,0.56,0.8,0.61,0.74,0.22,-0.03,1.8,1.8,,3606,0.56,0.8,0.61,0.74,0.22,-0.03,1.8,1.8
32787,1.67,6.6,1.08,-0.18,4.84,0.32,6.46,1.2,,3622,1.67,6.6,1.08,-0.18,4.84,0.32,6.46,1.2
32803,2.5,11.44,-0.67,0.53,5.36,-5.07,5.99,0.45,,3638,2.5,11.44,-0.67,0.53,5.36,-5.07,5.99,0.45
32819,0.4,8.09,-4.57,-0.25,0.02,0.84,2.6,2.02,,3654,0.4,8.09,-4.57,-0.25,0.02,0.84,2.6,2.02
32835,1.8,5.62,0.79,4.86,0.91,0.48,4.14,5.73,,3670,1.8,5.62,0.79,4.86,0.91,0.48,4.14,5.73
32851,3.65,5.15,0.45,11.43,-0.01,-0.08,3.04,7.52,,3686,3.65,5.15,0.45,11.43,-0.01,-0.08,3.04,7.52
32867,5.4,5.81,0.42,13.23,1.62,-0.35,4.93,9.84,,3702,5.4,5.81,0.42,13.23,1.62,-0.35,4.93,9.84
32883,7.11,7.1,1.41,2.61,1.51,-0.07,3.82,8.99,,3718,7.11,7.1,1.41,2.61,1.51,-0.07,3.82,8.99
32900,4.36,3.48,0.18,-0.07,-1.18,0.05,3.81,8.55,,3735,4.36,3.48,0.18,-0.07,-1.18,0.05,3.81,8.55
32916,2.8,2.72,-0.09,-0.77,0.25,1.72,3.6,8.78,,3751,2.8,2.72,-0.09,-0.77,0.25,1.72,3.6,8.78
32932,3.63,1.61,0.31,1.73,-0.51,6.85,3.36,9.98,,3767,3.63,1.61,0.31,1.73,-0.51,6.85,3.36,9.98
32948,4.48,1.4,5.89,11.7,-3.49,17.77,3.49,10.12,,3783,4.48,1.4,5.89,11.7,-3.49,17.77,3.49,10.12
32964,3.3,0.33,12.11,-1.02,-2.74,17.88,4.06,4.32,,3799,3.3,0.33,12.11,-1.02,-2.74,17.88,4.06,4.32
32980,-1.16,0.13,6.05,-0.67,-0.23,16.8,1.29,-0.17,,3815,-1.16,0.13,6.05,-0.67,-0.23,16.8,1.29,-0.17
32996,-0.18,0.15,3.41,-0.21,-1.56,11.88,-0.38,0.08,,3831,-0.18,0.15,3.41,-0.21,-1.56,11.88,-0.38,0.08
33013,-0.79,0.23,-1.23,-0.58,0.12,0.31,-0.12,0.66,,3848,-0.79,0.23,-1.23,-0.58,0.12,0.31,-0.12,0.66
33029,0.46,0.54,-0.36,-2.04,0.49,-0.15,5.59,1.63,,3864,0.46,0.54,-0.36,-2.04,0.49,-0.15,5.59,1.63
33045,-0.12,0.52,2.56,-1.73,3.68,0.46,8.47,1.5,,3880,-0.12,0.52,2.56,-1.73,3.68,0.46,8.47,1.5
33061,5.01,11.46,6.22,-1.59,6.33,-0.75,3.11,-3.48,,3896,5.01,11.46,6.22,-1.59,6.33,-0.75,3.11,-3.48
33079,-8.75,9.17,2.94,-1,0.76,0.06,-0.21,0.41,,3914,-8.75,9.17,2.94,-1,0.76,0.06,-0.21,0.41
33095,0.63,0.93,0.02,1.1,7.4,2.79,0.16,-1.06,,3930,0.63,0.93,0.02,1.1,7.4,2.79,0.16,-1.06
33111,0.92,0.43,0.3,7.41,5.49,4.46,0.23,0.85,,3946,0.92,0.43,0.3,7.41,5.49,4.46,0.23,0.85
33127,0.1,0.71,1.85,13.85,3.95,7.5,2.44,-0.79,,3962,0.1,0.71,1.85,13.85,3.95,7.5,2.44,-0.79
33145,0.98,2.01,6.22,9.28,3.15,9.7,-0.74,0.19,,3980,0.98,2.01,6.22,9.28,3.15,9.7,-0.74,0.19
33161,2.04,8.4,4.95,8.06,2.93,11.34,0.02,1.33,,3996,2.04,8.4,4.95,8.06,2.93,11.34,0.02,1.33
33177,-0.39,-1.82,3.75,7.7,1.06,10.8,0.27,2.04,,4012,-0.39,-1.82,3.75,7.7,1.06,10.8,0.27,2.04
33193,-0.97,-0.13,3.76,8.29,1.35,10.81,-0.46,12.13,,4028,-0.97,-0.13,3.76,8.29,1.35,10.81,-0.46,12.13
33211,2.09,-0.37,4.03,7.6,1.6,8.67,-1.16,17.79,,4046,2.09,-0.37,4.03,7.6,1.6,8.67,-1.16,17.79
33227,10.87,-1.37,0.99,5.06,3.46,4.52,-0.17,17.94,,4062,10.87,-1.37,0.99,5.06,3.46,4.52,-0.17,17.94
33243,5.41,-1.06,0.16,2.28,0.56,-1.29,0.97,17.09,,4078,5.41,-1.06,0.16,2.28,0.56,-1.29,0.97,17.09
33259,2.63,0.65,0.12,1.57,0.37,-0.11,-4.85,12.95,,4094,2.63,0.65,0.12,1.57,0.37,-0.11,-4.85,12.95
33277,2.21,-3.08,-0.3,1.88,0.17,0.27,1.13,2.16,,4112,2.21,-3.08,-0.3,1.88,0.17,0.27,1.13,2.16
33293,-0.09,0.88,0.34,0.38,-0.17,-0.06,1.71,1.42,,4128,-0.09,0.88,0.34,0.38,-0.17,-0.06,1.71,1.42
33309,1.55,6.75,1.59,0.06,5.87,1.2,6.49,1.44,,4144,1.55,6.75,1.59,0.06,5.87,1.2,6.49,1.44
33325,2.58,11.47,0.73,0.15,5.61,-4.82,6.61,-0.04,,4160,2.58,11.47,0.73,0.15,5.61,-4.82,6.61,-0.04
33341,0.27,8.11,0.47,-0.15,-0.15,1.25,4.4,0.42,,4176,0.27,8.11,0.47,-0.15,-0.15,1.25,4.4,0.42
33357,-0.66,4.43,-0.55,4.18,0.64,1.21,2.89,2.08,,4192,-0.66,4.43,-0.55,4.18,0.64,1.21,2.89,2.08
33374,0.64,3.53,0.98,10.8,0.22,-0.03,1.63,5.53,,4209,0.64,3.53,0.98,10.8,0.22,-0.03,1.63,5.53
33390,2.93,4.46,1.4,12.99,1.26,-0.11,3.25,8.45,,4225,2.93,4.46,1.4,12.99,1.26,-0.11,3.25,8.45
33406,4.61,4.64,-3.06,8.17,3,1.18,3.12,11.02,,4241,4.61,4.64,-3.06,8.17,3,1.18,3.12,11.02
33422,7.61,4.29,1.24,2.98,5.28,2.14,1.6,12.43,,4257,7.61,4.29,1.24,2.98,5.28,2.14,1.6,12.43
33438,9.37,0.21,-0.08,1.18,1.72,1.52,-0.07,10.36,,4273,9.37,0.21,-0.08,1.18,1.72,1.52,-0.07,10.36
33454,7.39,0.11,-0.15,1.63,-0.42,5.54,1.06,11.31,,4289,7.39,0.11,-0.15,1.63,-0.42,5.54,1.06,11.31
33470,8.16,-0.5,6.59,6.95,-0.84,17.73,2.7,9.44,,4305,8.16,-0.5,6.59,6.95,-0.84,17.73,2.7,9.44
33486,5.45,-0.22,10.3,1.24,1.09,17.69,4.18,3.51,,4321,5.45,-0.22,10.3,1.24,1.09,17.69,4.18,3.51
33502,-0.62,0.12,4.81,0,0.73,12.32,0.87,0.66,,4337,-0.62,0.12,4.81,0,0.73,12.32,0.87,0.66
33519,0.02,0.3,4.45,0,-2.57,6.64,-0.23,0.6,,4354,0.02,0.3,4.45,0,-2.57,6.64,-0.23,0.6
33535,-0.41,0.4,3.22,-0.35,0.74,-3.25,3.33,0.57,,4370,-0.41,0.4,3.22,-0.35,0.74,-3.25,3.33,0.57
33551,0.35,0.21,0.96,-1.1,0.36,-0.14,8.26,1,,4386,0.35,0.21,0.96,-1.1,0.36,-0.14,8.26,1
33567,-0.17,0.33,2.67,-0.46,0.14,0.45,8.93,-0.94,,4402,-0.17,0.33,2.67,-0.46,0.14,0.45,8.93,-0.94
33583,3.84,7.08,4.99,1.45,4.79,1.08,2.34,-1.94,,4418,3.84,7.08,4.99,1.45,4.79,1.08,2.34,-1.94
33601,-8.27,6.12,1.24,-2.44,1.86,2.03,-0.81,1.14,,4436,-8.27,6.12,1.24,-2.44,1.86,2.03,-0.81,1.14
33617,0.18,1.47,0.94,1.67,8.73,5.68,0.09,-1.3,,4452,0.18,1.47,0.94,1.67,8.73,5.68,0.09,-1.3
33633,0.13,0.03,1.46,8.98,5.24,6.64,0.12,0.55,,4468,0.13,0.03,1.46,8.98,5.24,6.64,0.12,0.55
33649,-0.53,0.45,2.73,11.84,4.81,9.26,2.96,-0.87,,4484,-0.53,0.45,2.73,11.84,4.81,9.26,2.96,-0.87
33667,0.61,1.72,4.3,8.26,2.35,10.07,-0.74,0.35,,4502,0.61,1.72,4.3,8.26,2.35,10.07,-0.74,0.35
33683,2.94,6.97,3.32,11.04,2.06,11.02,1.03,-0.2,,4518,2.94,6.97,3.32,11.04,2.06,11.02,1.03,-0.2
33699,0.4,0.18,3.24,9.32,0.87,10.31,0.34,-0.24,,4534,0.4,0.18,3.24,9.32,0.87,10.31,0.34,-0.24
33716,-0.42,0.56,3.96,8.31,1.18,10.71,-0.04,10.63,,4551,-0.42,0.56,3.96,8.31,1.18,10.71,-0.04,10.63
33733,9.22,-0.94,4.36,6.09,4.38,8.69,0.72,17.64,,4568,9.22,-0.94,4.36,6.09,4.38,8.69,0.72,17.64
33749,12.95,-2.43,-0.12,2.96,3.85,2.07,2.32,17.86,,4584,12.95,-2.43,-0.12,2.96,3.85,2.07,2.32,17.86
33765,5.47,-1.66,0.39,1.99,-0.18,-0.08,1.35,13.99,,4600,5.47,-1.66,0.39,1.99,-0.18,-0.08,1.35,13.99
33781,1.73,0.48,-0.31,2.71,-0.86,-0.32,-4.75,9.23,,4616,1.73,0.48,-0.31,2.71,-0.86,-0.32,-4.75,9.23
33799,0.78,-3.11,-0.54,3.88,-0.29,-0.11,0.18,-1.99,,4634,0.78,-3.11,-0.54,3.88,-0.29,-0.11,0.18,-1.99
33816,0.51,1.02,-0.08,1.66,-0.03,-0.1,-0.11,0.15,,4651,0.51,1.02,-0.08,1.66,-0.03,-0.1,-0.11,0.15
33832,1.89,6.32,2.86,0.82,6.08,1.92,7.94,2.63,,4667,1.89,6.32,2.86,0.82,6.08,1.92,7.94,2.63
33848,4.16,11.85,2.75,-0.42,6.58,-3.23,8.73,2.14,,4683,4.16,11.85,2.75,-0.42,6.58,-3.23,8.73,2.14
33864,1.9,7.7,-5.82,-0.07,-1.39,2.38,2.95,2.13,,4699,1.9,7.7,-5.82,-0.07,-1.39,2.38,2.95,2.13
33880,2.48,3.87,-0.27,0.76,0.83,1.57,4.05,5.1,,4715,2.48,3.87,-0.27,0.76,0.83,1.57,4.05,5.1
33896,4.09,3.39,0.96,9.98,-0.33,-0.24,2.75,7.18,,4731,4.09,3.39,0.96,9.98,-0.33,-0.24,2.75,7.18
33913,5.39,3.68,1.75,13.37,1.47,0.02,5.3,8.61,,4748,5.39,3.68,1.75,13.37,1.47,0.02,5.3,8.61
33929,6.9,4.41,1.31,4.17,1.49,0.01,4.05,7.23,,4764,6.9,4.41,1.31,4.17,1.49,0.01,4.05,7.23
33945,3.96,2.62,0.28,1.34,-1.08,0.07,3.62,7.01,,4780,3.96,2.62,0.28,1.34,-1.08,0.07,3.62,7.01
33961,3.39,2.3,0.13,-0.04,-0.25,1.29,3.94,7.95,,4796,3.39,2.3,0.13,-0.04,-0.25,1.29,3.94,7.95
33977,3.49,1.67,-0.03,1.51,0.66,6.65,4.27,10.01,,4812,3.49,1.67,-0.03,1.51,0.66,6.65,4.27,10.01
33993,5.48,1.17,5.75,14.35,-2.97,17.79,3.47,9.81,,4828,5.48,1.17,5.75,14.35,-2.97,17.79,3.47,9.81
34009,4.53,0.42,11.42,-0.48,-2.71,17.8,3.8,3.91,,4844,4.53,0.42,11.42,-0.48,-2.71,17.8,3.8,3.91
34026,-1.02,0.13,4.73,-0.01,-0.13,17.72,0.86,0.24,,4861,-1.02,0.13,4.73,-0.01,-0.13,17.72,0.86,0.24
34042,-0.38,0.33,2.28,0.15,-1.99,13.29,-0.27,0.09,,4877,-0.38,0.33,2.28,0.15,-1.99,13.29,-0.27,0.09
34058,-0.7,0.38,-1.18,-1.11,-1.84,4.1,0.22,0.22,,4893,-0.7,0.38,-1.18,-1.11,-1.84,4.1,0.22,0.22
34074,0.66,0.52,-0.82,-2.82,0.2,1.19,4.98,1.72,,4909,0.66,0.52,-0.82,-2.82,0.2,1.19,4.98,1.72
34090,-0.38,1.38,2.86,-2.13,3.73,1.59,9,1.79,,4925,-0.38,1.38,2.86,-2.13,3.73,1.59,9,1.79
34106,3.66,11.56,5.83,-1.82,4.41,-0.14,6.33,-5.27,,4941,3.66,11.56,5.83,-1.82,4.41,-0.14,6.33,-5.27
34124,-9.91,6.73,2.79,-1.04,0.41,0.49,1.25,0.12,,4959,-9.91,6.73,2.79,-1.04,0.41,0.49,1.25,0.12
34140,-0.77,2.38,-0.27,1.14,7.18,2.67,-0.88,-1.61,,4975,-0.77,2.38,-0.27,1.14,7.18,2.67,-0.88,-1.61
34156,0.09,0.64,-0.24,6.82,5.06,4.08,-0.33,0.73,,4991,0.09,0.64,-0.24,6.82,5.06,4.08,-0.33,0.73
34172,-0.33,0.66,3.11,13.86,3.91,6.97,2.95,-1.15,,5007,-0.33,0.66,3.11,13.86,3.91,6.97,2.95,-1.15
34190,0.38,1.69,6.06,9.77,2.51,9.72,-0.79,0.47,,5025,0.38,1.69,6.06,9.77,2.51,9.72,-0.79,0.47
34206,0.52,8.72,5.17,8.04,2.77,11.17,1.11,1.25,,5041,0.52,8.72,5.17,8.04,2.77,11.17,1.11,1.25
34222,0.14,-1.12,3.89,7.69,0.79,10.69,0.41,2.31,,5057,0.14,-1.12,3.89,7.69,0.79,10.69,0.41,2.31
34238,-0.72,-0.17,3.54,9.74,0.7,11,-0.52,12.78,,5073,-0.72,-0.17,3.54,9.74,0.7,11,-0.52,12.78
34256,1.96,-0.34,3.5,8.82,0.85,10.07,-1.3,17.83,,5091,1.96,-0.34,3.5,8.82,0.85,10.07,-1.3,17.83
34272,10.3,-1.17,1.04,5.79,2.61,6.07,-0.29,17.93,,5107,10.3,-1.17,1.04,5.79,2.61,6.07,-0.29,17.93
34288,5.67,-0.69,0.19,3.12,0.36,0.21,0.97,16.81,,5123,5.67,-0.69,0.19,3.12,0.36,0.21,0.97,16.81
34304,3.6,0.62,-0.08,0.64,-0.42,0.01,-5.05,12.64,,5139,3.6,0.62,-0.08,0.64,-0.42,0.01,-5.05,12.64
34322,2.97,-4.7,-0.35,1.19,-0.01,0.28,1.16,2.38,,5157,2.97,-4.7,-0.35,1.19,-0.01,0.28,1.16,2.38
34338,0.55,0.44,-0.02,0.64,0.25,0,2.76,2.06,,5173,0.55,0.44,-0.02,0.64,0.25,0,2.76,2.06
34354,1.68,6.89,1.87,0.57,6.55,0.36,6.5,1.13,,5189,1.68,6.89,1.87,0.57,6.55,0.36,6.5,1.13
34371,4.03,11.19,1.42,-0.65,5.23,-5.21,5.96,-0.23,,5206,4.03,11.19,1.42,-0.65,5.23,-5.21,5.96,-0.23
34387,1.38,8.21,-4.47,0.25,0.67,0.45,2.96,1.42,,5222,1.38,8.21,-4.47,0.25,0.67,0.45,2.96,1.42
34403,0.85,5.38,0.1,0.65,0.6,0.06,4.47,4.59,,5238,0.85,5.38,0.1,0.65,0.6,0.06,4.47,4.59
34419,2.49,5.45,0.66,10.35,-0.08,-0.4,3.45,7.03,,5254,2.49,5.45,0.66,10.35,-0.08,-0.4,3.45,7.03
34435,4.49,6.46,-0.62,12.88,1.43,-0.46,4.92,9.7,,5270,4.49,6.46,-0.62,12.88,1.43,-0.46,4.92,9.7
34451,6.97,7.4,1.65,0.23,1.61,0.07,4.03,9.5,,5286,6.97,7.4,1.65,0.23,1.61,0.07,4.03,9.5
34467,4.36,3.1,-0.42,-0.95,-1.03,0.08,2.38,9.07,,5302,4.36,3.1,-0.42,-0.95,-1.03,0.08,2.38,9.07
34483,2.93,1.16,-0.08,-0.15,-0.49,0.09,2.04,9.21,,5318,2.93,1.16,-0.08,-0.15,-0.49,0.09,2.04,9.21
34499,3.33,1.31,0.14,1.05,0.58,6.81,2.7,10.79,,5334,3.33,1.31,0.14,1.05,0.58,6.81,2.7,10.79
34515,4.53,0.71,1.2,14.21,-1.95,17.81,2.52,10.33,,5350,4.53,0.71,1.2,14.21,-1.95,17.81,2.52,10.33
34532,3.83,0.05,10.98,4,-3.13,17.74,3.3,6.28,,5367,3.83,0.05,10.98,4,-3.13,17.74,3.3,6.28
34548,-0.74,0.63,5.86,1.6,-1.16,17.71,0.57,0.86,,5383,-0.74,0.63,5.86,1.6,-1.16,17.71,0.57,0.86
34564,-0.38,0.31,3.18,0.29,-2.34,13.36,-0.2,0.11,,5399,-0.38,0.31,3.18,0.29,-2.34,13.36,-0.2,0.11
34580,-0.43,0.3,-1.75,-0.62,-1.38,4.36,0.15,0.37,,5415,-0.43,0.3,-1.75,-0.62,-1.38,4.36,0.15,0.37
34596,0.64,0.32,-0.64,-1.36,0.33,2.34,5.44,1.27,,5431,0.64,0.32,-0.64,-1.36,0.33,2.34,5.44,1.27
34612,0.35,0.31,2.82,-0.99,3.89,1.56,7.9,0.64,,5447,0.35,0.31,2.82,-0.99,3.89,1.56,7.9,0.64
34629,3.88,10.95,5.73,-1.9,4.31,-0.21,3.21,-4.04,,5464,3.88,10.95,5.73,-1.9,4.31,-0.21,3.21,-4.04
34646,-9.82,7.43,1.77,-0.88,0.54,0.2,0.37,-0.18,,5481,-9.82,7.43,1.77,-0.88,0.54,0.2,0.37,-0.18
34662,-0.35,2.67,-0.56,0.74,7.63,2.54,-0.03,-1.54,,5497,-0.35,2.67,-0.56,0.74,7.63,2.54,-0.03,-1.54
34678,0.17,0.2,-0.44,6.41,5.78,4.1,0.21,1.12,,5513,0.17,0.2,-0.44,6.41,5.78,4.1,0.21,1.12
34695,-0.07,0.49,1.85,12.63,4.37,7.18,3,-0.8,,5530,-0.07,0.49,1.85,12.63,4.37,7.18,3,-0.8
34712,0.64,2.04,5.85,10.04,2.79,9.64,-0.74,0.19,,5547,0.64,2.04,5.85,10.04,2.79,9.64,-0.74,0.19
34728,1.11,9.1,4.62,9.29,2.39,11.36,0.68,2.26,,5563,1.11,9.1,4.62,9.29,2.39,11.36,0.68,2.26
34744,0.1,-1.35,3.54,8.41,0.76,10.71,0.61,2.43,,5579,0.1,-1.35,3.54,8.41,0.76,10.71,0.61,2.43
34760,-0.36,-0.23,3.42,9.74,0.64,11.34,-0.56,13.09,,5595,-0.36,-0.23,3.42,9.74,0.64,11.34,-0.56,13.09
34778,2.19,-0.15,3.44,8.97,0.7,10.57,-1.41,17.81,,5613,2.19,-0.15,3.44,8.97,0.7,10.57,-1.41,17.81
34794,10.24,-1.68,1.09,5.85,2.68,6.17,-0.56,17.93,,5629,10.24,-1.68,1.09,5.85,2.68,6.17,-0.56,17.93
34810,5.71,-0.79,0.37,3.06,0.05,0.15,0.87,17.23,,5645,5.71,-0.79,0.37,3.06,0.05,0.15,0.87,17.23
34827,3.34,0.8,-0.19,1.31,-0.16,0.22,-4.81,13.35,,5662,3.34,0.8,-0.19,1.31,-0.16,0.22,-4.81,13.35
34844,2.95,-4.11,-0.28,1.31,-0.01,0.1,1.52,2.37,,5679,2.95,-4.11,-0.28,1.31,-0.01,0.1,1.52,2.37
34860,0.62,0.49,0.3,0.66,0.43,-0.05,2.4,1.91,,5695,0.62,0.49,0.3,0.66,0.43,-0.05,2.4,1.91
34876,1.37,7.03,1.53,0.1,6.72,0.35,6.37,1,,5711,1.37,7.03,1.53,0.1,6.72,0.35,6.37,1
34893,3.97,11.47,1.53,-0.22,-1.78,-2.66,4,-0.14,,5728,3.97,11.47,1.53,-0.22,-1.78,-2.66,4,-0.14
34917,0.21,6.51,1.85,0.01,-1.44,0.17,4.97,3.44,,5752,0.21,6.51,1.85,0.01,-1.44,0.17,4.97,3.44
34933,2.31,5.27,-0.67,0.65,-0.8,-0.72,3.94,6.68,,5768,2.31,5.27,-0.67,0.65,-0.8,-0.72,3.94,6.68
34949,3.1,5.29,-0.46,10.17,1.6,-0.02,3.67,8.83,,5784,3.1,5.29,-0.46,10.17,1.6,-0.02,3.67,8.83
34965,6.33,7.29,0.57,11.48,2.22,0.09,3.63,9.55,,5800,6.33,7.29,0.57,11.48,2.22,0.09,3.63,9.55
34981,4.58,3.28,0.39,-2.43,-1.1,0.06,1.59,9.09,,5816,4.58,3.28,0.39,-2.43,-1.1,0.06,1.59,9.09
34997,2.54,2.35,-0.51,0.58,0.2,2.55,2.71,10.36,,5832,2.54,2.35,-0.51,0.58,0.2,2.55,2.71,10.36
35013,3.72,1.55,0.12,1.84,0.74,8.42,2.65,11.13,,5848,3.72,1.55,0.12,1.84,0.74,8.42,2.65,11.13
35030,4.97,0.84,1.07,16.17,-3.27,17.74,1.91,10.35,,5865,4.97,0.84,1.07,16.17,-3.27,17.74,1.91,10.35
35046,3.63,-0.87,10.14,3.88,-3.85,17.82,3.33,6.36,,5881,3.63,-0.87,10.14,3.88,-3.85,17.82,3.33,6.36
35062,-0.37,0.31,4.88,0.69,-1.19,17.74,0.73,0.95,,5897,-0.37,0.31,4.88,0.69,-1.19,17.74,0.73,0.95
35078,-0.15,0.34,2.86,-0.04,-2.71,14.44,-0.03,0.09,,5913,-0.15,0.34,2.86,-0.04,-2.71,14.44,-0.03,0.09
35094,-0.69,0.38,-1.5,-0.52,-1.8,4.17,0.19,0.23,,5929,-0.69,0.38,-1.5,-0.52,-1.8,4.17,0.19,0.23
35110,0.44,0.35,-0.59,-1.2,-0.54,1.63,5.73,0.95,,5945,0.44,0.35,-0.59,-1.2,-0.54,1.63,5.73,0.95
35127,0.27,0.26,2.44,-0.95,3.47,1.23,7.22,0.16,,5962,0.27,0.26,2.44,-0.95,3.47,1.23,7.22,0.16
35143,3.91,11.25,5.41,-1.04,4.77,-0.29,3.41,-3.22,,5978,3.91,11.25,5.41,-1.04,4.77,-0.29,3.41,-3.22
35160,-9.12,7.2,1.52,-0.63,0.5,0.07,0.26,0.08,,5995,-9.12,7.2,1.52,-0.63,0.5,0.07,0.26,0.08
35176,-0.4,2.46,-0.65,1.16,7.5,2.57,0.17,-1.43,,6011,-0.4,2.46,-0.65,1.16,7.5,2.57,0.17,-1.43
35193,-0.1,0.44,-0.61,6.6,5.22,4.65,0.08,1.02,,6028,-0.1,0.44,-0.61,6.6,5.22,4.65,0.08,1.02
35209,-0.02,0.33,2.03,13.33,4.19,7.65,3.12,-0.77,,6044,-0.02,0.33,2.03,13.33,4.19,7.65,3.12,-0.77
35226,0.61,1.65,5.79,9.82,2.34,9.66,-0.47,-0.19,,6061,0.61,1.65,5.79,9.82,2.34,9.66,-0.47,-0.19
35242,1.82,8.75,4.34,9.88,2.54,11.79,0.27,1.52,,6077,1.82,8.75,4.34,9.88,2.54,11.79,0.27,1.52
35258,-0.07,-2.5,3.52,9.03,0.46,11.5,0.17,2.13,,6093,-0.07,-2.5,3.52,9.03,0.46,11.5,0.17,2.13
35275,-0.65,-0.63,3.21,9.38,0.76,11.71,-0.37,12.58,,6110,-0.65,-0.63,3.21,9.38,0.76,11.71,-0.37,12.58
35292,2.11,-0.53,3.69,8.88,1.18,10.23,-1.13,17.79,,6127,2.11,-0.53,3.69,8.88,1.18,10.23,-1.13,17.79
35308,10.96,-1.35,0.08,5.74,2.8,6.06,-0.45,17.94,,6143,10.96,-1.35,0.08,5.74,2.8,6.06,-0.45,17.94
35324,5.75,-0.99,0.62,2.88,0.51,-0.1,0.95,16.57,,6159,5.75,-0.99,0.62,2.88,0.51,-0.1,0.95,16.57
35341,2.83,0.74,-0.24,2.06,-0.01,0.01,-4.73,12.28,,6176,2.83,0.74,-0.24,2.06,-0.01,0.01,-4.73,12.28
35358,2.48,-3.47,-0.17,2.04,0.02,0.37,0.87,2.67,,6193,2.48,-3.47,-0.17,2.04,0.02,0.37,0.87,2.67
35374,0.69,0.55,-0.02,0.41,0.38,0.05,2.33,1.9,,6209,0.69,0.55,-0.02,0.41,0.38,0.05,2.33,1.9
35390,1.61,6.56,2.01,1.29,6.38,0.88,7.62,1.4,,6225,1.61,6.56,2.01,1.29,6.38,0.88,7.62,1.4
35407,3.78,11.63,1.57,0.06,6.02,-5.76,6.57,-0.19,,6242,3.78,11.63,1.57,0.06,6.02,-5.76,6.57,-0.19
35423,1.17,7.92,-5.58,-0.62,-0.66,1.2,2.8,1.86,,6258,1.17,7.92,-5.58,-0.62,-0.66,1.2,2.8,1.86
35439,0.99,5.46,-0.04,0.54,0.62,0.77,4.1,5.15,,6274,0.99,5.46,-0.04,0.54,0.62,0.77,4.1,5.15
35455,3.07,4.67,1.05,10.31,-0.19,-0.14,2.98,7.58,,6290,3.07,4.67,1.05,10.31,-0.19,-0.14,2.98,7.58
35471,4.67,5.54,0.77,13.03,1.33,-0.28,4.72,9.61,,6306,4.67,5.54,0.77,13.03,1.33,-0.28,4.72,9.61
35487,7.37,6.31,1.18,0.56,1.72,-0.14,3.78,9.07,,6322,7.37,6.31,1.18,0.56,1.72,-0.14,3.78,9.07
35503,4.63,3.55,-0.03,-0.92,-1.36,-0.21,3.44,8.57,,6338,4.63,3.55,-0.03,-0.92,-1.36,-0.21,3.44,8.57
35519,3.11,1.66,0.09,-0.2,0.51,2.15,3.53,8.73,,6354,3.11,1.66,0.09,-0.2,0.51,2.15,3.53,8.73
35536,3.73,1.4,-0.01,2.09,0.22,7.58,3.36,10.19,,6371,3.73,1.4,-0.01,2.09,0.22,7.58,3.36,10.19
35552,5.22,0.37,1.13,12.86,-3.17,17.81,2.64,9.77,,6387,5.22,0.37,1.13,12.86,-3.17,17.81,2.64,9.77
35568,3.77,0.11,11.22,0.86,-3.1,17.8,3.74,5.7,,6403,3.77,0.11,11.22,0.86,-3.1,17.8,3.74,5.7
35584,-0.77,0.41,5.34,0.51,-0.99,17.76,1.68,-0.25,,6419,-0.77,0.41,5.34,0.51,-0.99,17.76,1.68,-0.25
35600,-0.24,0.26,2.97,0.23,-1.77,13.35,-0.23,-0.29,,6435,-0.24,0.26,2.97,0.23,-1.77,13.35,-0.23,-0.29
35616,-0.64,0.31,-1.29,-0.89,-0.36,3.31,0.11,0.22,,6451,-0.64,0.31,-1.29,-0.89,-0.36,3.31,0.11,0.22
35633,0.69,0.32,-0.63,-1.32,0.48,1.08,5.64,1.2,,6468,0.69,0.32,-0.63,-1.32,0.48,1.08,5.64,1.2
35649,0.21,0.55,2.53,-1.09,3.92,1.18,8.28,1.22,,6484,0.21,0.55,2.53,-1.09,3.92,1.18,8.28,1.22
35665,4.19,11.49,5.71,-1.95,4.72,-0.91,4.26,-4.99,,6500,4.19,11.49,5.71,-1.95,4.72,-0.91,4.26,-4.99
35683,-9.38,6.91,2.08,-0.6,0.01,0.04,1.14,-0.29,,6518,-9.38,6.91,2.08,-0.6,0.01,0.04,1.14,-0.29
35699,-0.07,2.48,0.06,0.53,7.2,2.66,-0.28,-1.49,,6534,-0.07,2.48,0.06,0.53,7.2,2.66,-0.28,-1.49
35715,-0.15,0.63,-0.03,6.57,5.53,4.47,-0.42,0.75,,6550,-0.15,0.63,-0.03,6.57,5.53,4.47,-0.42,0.75
35731,-0.01,0.5,2.99,13.1,4.53,7.52,2.99,-0.84,,6566,-0.01,0.5,2.99,13.1,4.53,7.52,2.99,-0.84
35749,0.54,1.74,6,9.48,2.5,9.73,-0.63,0.6,,6584,0.54,1.74,6,9.48,2.5,9.73,-0.63,0.6
35765,0.76,8.7,5.02,8.6,2.76,11.22,0.8,0.9,,6600,0.76,8.7,5.02,8.6,2.76,11.22,0.8,0.9
35781,0.1,-0.48,3.57,7.36,0.55,10.77,0.55,2.17,,6616,0.1,-0.48,3.57,7.36,0.55,10.77,0.55,2.17
35797,-0.71,-0.11,3.58,9.44,0.81,11.04,-0.34,12.45,,6632,-0.71,-0.11,3.58,9.44,0.81,11.04,-0.34,12.45
35815,2.11,-0.26,3.63,8.17,1.01,9.81,-1.15,17.81,,6650,2.11,-0.26,3.63,8.17,1.01,9.81,-1.15,17.81
35831,11.05,-1.44,1.15,6.03,2.69,5.33,-0.1,17.93,,6666,11.05,-1.44,1.15,6.03,2.69,5.33,-0.1,17.93
35847,5.51,-0.69,0.42,2.1,0.38,0.32,0.95,16.65,,6682,5.51,-0.69,0.42,2.1,0.38,0.32,0.95,16.65
35863,3.56,0.98,-0.06,0.54,-0.05,0.16,-4.66,12.21,,6698,3.56,0.98,-0.06,0.54,-0.05,0.16,-4.66,12.21
35881,2.86,-4.21,-0.3,1.54,-0.07,0.06,1.77,1.86,,6716,2.86,-4.21,-0.3,1.54,-0.07,0.06,1.77,1.86
35897,0.6,0.68,0.54,0.94,-0.05,0.11,2.12,1.74,,6732,0.6,0.68,0.54,0.94,-0.05,0.11,2.12,1.74
35913,1.7,6.93,1.86,0.12,7.26,0.87,6.93,1.38,,6748,1.7,6.93,1.86,0.12,7.26,0.87,6.93,1.38
35929,3.95,11.37,1.73,0.13,5.57,-5.57,6.22,0.38,,6764,3.95,11.37,1.73,0.13,5.57,-5.57,6.22,0.38
35945,1.36,8.06,-5.56,-0.39,-0.1,0.97,2.8,1.49,,6780,1.36,8.06,-5.56,-0.39,-0.1,0.97,2.8,1.49
35961,1.19,5.75,-0.19,-0.02,0.73,0.58,4.09,5.1,,6796,1.19,5.75,-0.19,-0.02,0.73,0.58,4.09,5.1
35977,2.88,5.1,1.15,9.75,-0.04,-0.19,3.15,7.42,,6812,2.88,5.1,1.15,9.75,-0.04,-0.19,3.15,7.42
35993,4.12,5.56,-0.23,13.22,1.87,-0.45,4.56,9.86,,6828,4.12,5.56,-0.23,13.22,1.87,-0.45,4.56,9.86
36009,7.19,6.38,1.45,3.26,1.74,-0.03,3.68,9.42,,6844,7.19,6.38,1.45,3.26,1.74,-0.03,3.68,9.42
36026,4.46,3.26,-1.06,1.15,-0.73,0.11,2.42,8.83,,6861,4.46,3.26,-1.06,1.15,-0.73,0.11,2.42,8.83
36042,3.25,1.63,-0.49,-0.02,-0.01,1.93,2.58,9.24,,6877,3.25,1.63,-0.49,-0.02,-0.01,1.93,2.58,9.24
36058,3.49,1.22,0.04,0.9,0.36,7.3,3.14,10.74,,6893,3.49,1.22,0.04,0.9,0.36,7.3,3.14,10.74
36074,4.91,0.27,1.34,13.46,-2.39,17.84,2.12,10.05,,6909,4.91,0.27,1.34,13.46,-2.39,17.84,2.12,10.05
36090,3.92,-0.38,10.59,5.35,-2.92,17.84,3.41,6.16,,6925,3.92,-0.38,10.59,5.35,-2.92,17.84,3.41,6.16
36106,-0.61,0.38,4.94,1.96,-0.88,17.74,0.62,0.87,,6941,-0.61,0.38,4.94,1.96,-0.88,17.74,0.62,0.87
36122,-0.5,0.38,2.9,0.31,-2.45,14.4,-0.31,0.24,,6957,-0.5,0.38,2.9,0.31,-2.45,14.4,-0.31,0.24
36139,-0.49,0.37,-1.63,-0.67,-1.75,4.94,-0.01,0.25,,6974,-0.49,0.37,-1.63,-0.67,-1.75,4.94,-0.01,0.25
36155,0.61,0.35,-0.6,-1.53,-0.38,2.2,5.36,1.03,,6990,0.61,0.35,-0.6,-1.53,-0.38,2.2,5.36,1.03
36171,0.01,0.52,2.65,-1.28,3.63,1.68,8.17,0.99,,7006,0.01,0.52,2.65,-1.28,3.63,1.68,8.17,0.99
36187,3.49,11.28,5.6,-1.64,3.9,-0.36,3.71,-4.52,,7022,3.49,11.28,5.6,-1.64,3.9,-0.36,3.71,-4.52
36205,-9.81,7.18,2.14,-0.82,-0.25,0.31,0.84,-0.07,,7040,-9.81,7.18,2.14,-0.82,-0.25,0.31,0.84,-0.07
36221,-0.72,2.56,-0.43,0.89,7.28,2.64,0.16,-1.24,,7056,-0.72,2.56,-0.43,0.89,7.28,2.64,0.16,-1.24
36237,0.03,0.54,-0.52,6.08,4.9,4.65,-0.31,0.78,,7072,0.03,0.54,-0.52,6.08,4.9,4.65,-0.31,0.78
36253,-0.34,0.44,2.26,13.05,4.23,7.83,3.33,-0.96,,7088,-0.34,0.44,2.26,13.05,4.23,7.83,3.33,-0.96
36271,0.5,1.72,5.84,10.12,2.37,9.64,-0.62,0.35,,7106,0.5,1.72,5.84,10.12,2.37,9.64,-0.62,0.35
36287,0.39,9.4,4.85,8.92,1.95,11.14,0.83,1.87,,7122,0.39,9.4,4.85,8.92,1.95,11.14,0.83,1.87
36303,0.02,-2.16,3.42,8.16,0.11,11.28,0.59,2.8,,7138,0.02,-2.16,3.42,8.16,0.11,11.28,0.59,2.8
36319,-0.71,-0.25,2.64,9.61,0.52,11.81,-0.2,13.69,,7154,-0.71,-0.25,2.64,9.61,0.52,11.81,-0.2,13.69
36337,2.15,-0.3,3.4,8.81,0.28,10.79,-1.48,17.83,,7172,2.15,-0.3,3.4,8.81,0.28,10.79,-1.48,17.83
36353,9.98,-0.83,1.28,5.9,1.88,6.51,-0.43,17.9,,7188,9.98,-0.83,1.28,5.9,1.88,6.51,-0.43,17.9
36369,5.37,-0.52,0.08,2.24,-0.5,1.54,0.99,17.79,,7204,5.37,-0.52,0.08,2.24,-0.5,1.54,0.99,17.79
36385,3.26,0.64,-0.21,0.57,-0.08,0.29,-5.01,14.11,,7220,3.26,0.64,-0.21,0.57,-0.08,0.29,-5.01,14.11
36403,2.89,-3.88,-0.26,0.91,-0.33,0.05,0.54,4.34,,7238,2.89,-3.88,-0.26,0.91,-0.33,0.05,0.54,4.34
36419,0.66,0.71,0.09,0.83,-0.03,-0.05,2.15,2.27,,7254,0.66,0.71,0.09,0.83,-0.03,-0.05,2.15,2.27
36435,1.67,5.8,1.02,0.05,6.48,0.4,5.87,1.52,,7270,1.67,5.8,1.02,0.05,6.48,0.4,5.87,1.52
36452,3.91,11.47,0.54,0.04,5.51,-5.58,5.06,0.78,,7287,3.91,11.47,0.54,0.04,5.51,-5.58,5.06,0.78
36468,1.47,8.17,-5.17,-0.28,0.86,0.77,2.65,1.72,,7303,1.47,8.17,-5.17,-0.28,0.86,0.77,2.65,1.72
36484,1.07,6.13,0.54,2.68,0.84,0.54,4.22,5.2,,7319,1.07,6.13,0.54,2.68,0.84,0.54,4.22,5.2
36500,2.48,5.46,0.59,2.68,-0.14,-0.64,3.8,8.41,,7335,2.48,5.46,0.59,2.68,-0.14,-0.64,3.8,8.41
36524,5.97,7.69,0.39,1.16,2.24,-0.21,4.88,9.67,,7359,5.97,7.69,0.39,1.16,2.24,-0.21,4.88,9.67
36540,5.82,7.45,0.98,1.16,2.01,-0.25,5.32,9.33,,7375,5.82,7.45,0.98,1.16,2.01,-0.25,5.32,9.33
36556,5.18,5.28,-0.48,1.16,-1.17,-0.65,5.9,9.13,,7391,5.18,5.28,-0.48,1.16,-1.17,-0.65,5.9,9.13
36572,4.93,4.95,-0.21,1.16,-0.56,-0.4,4.9,7.79,,7407,4.93,4.95,-0.21,1.16,-0.56,-0.4,4.9,7.79
36588,5.06,4.16,1.78,0.43,-0.45,2.81,4.67,8.2,,7423,5.06,4.16,1.78,0.43,-0.45,2.81,4.67,8.2
36604,4.64,2.9,13.35,0.16,-0.72,13.89,5.41,6.35,,7439,4.64,2.9,13.35,0.16,-0.72,13.89,5.41,6.35
36620,0.84,0.97,11.82,1.94,1.06,13.81,3.89,1.3,,7455,0.84,0.97,11.82,1.94,1.06,13.81,3.89,1.3
36636,0.26,0.34,3.8,6.51,2.57,10.89,-0.43,0.21,,7471,0.26,0.34,3.8,6.51,2.57,10.89,-0.43,0.21
36653,0.2,0.33,0.02,3.75,-0.51,7.18,-0.16,0.36,,7488,0.2,0.33,0.02,3.75,-0.51,7.18,-0.16,0.36
36669,-0.52,0.42,-0.1,-2.14,0.31,-2.33,1.15,1.85,,7504,-0.52,0.42,-0.1,-2.14,0.31,-2.33,1.15,1.85
36685,0.36,0.37,-0.18,-1.09,0.3,0.33,5.62,5.32,,7520,0.36,0.37,-0.18,-1.09,0.3,0.33,5.62,5.32
36701,0.24,0.37,1.94,-1.47,2.27,2.5,5.43,6.67,,7536,0.24,0.37,1.94,-1.47,2.27,2.5,5.43,6.67
36717,8.27,7.64,7.72,-0.97,5.49,4.93,4.1,-5.6,,7552,8.27,7.64,7.72,-0.97,5.49,4.93,4.1,-5.6
36735,-6.34,7.92,5.13,0.76,2.17,3.2,1.27,0,,7570,-6.34,7.92,5.13,0.76,2.17,3.2,1.27,0
36751,1.6,-0.87,2.49,5.21,6.29,5.28,-2.24,-1.31,,7586,1.6,-0.87,2.49,5.21,6.29,5.28,-2.24,-1.31
36767,1.16,-0.29,2.23,8.86,5.89,5.56,0.24,0.45,,7602,1.16,-0.29,2.23,8.86,5.89,5.56,0.24,0.45
36783,0.04,0.69,2.37,7.5,5.36,6.38,2.57,-0.62,,7618,0.04,0.69,2.37,7.5,5.36,6.38,2.57,-0.62
36801,0.97,1.4,4.68,7.37,4.69,7.25,0.3,2.18,,7636,0.97,1.4,4.68,7.37,4.69,7.25,0.3,2.18
36817,0.56,5.25,4.42,7.49,3.86,7.73,-0.15,0.83,,7652,0.56,5.25,4.42,7.49,3.86,7.73,-0.15,0.83
36833,1.38,0.62,5.52,7.57,2.4,7.67,0.13,1.19,,7668,1.38,0.62,5.52,7.57,2.4,7.67,0.13,1.19
36849,0.51,0.32,4.91,6.84,2.62,7.54,0.1,11.67,,7684,0.51,0.32,4.91,6.84,2.62,7.54,0.1,11.67
36867,8.19,-1.96,4.64,4.82,4.85,5.83,-0.26,17.67,,7702,8.19,-1.96,4.64,4.82,4.85,5.83,-0.26,17.67
36883,12.54,-4.18,-0.33,3.24,5.47,0.66,0.76,17.84,,7718,12.54,-4.18,-0.33,3.24,5.47,0.66,0.76,17.84
36899,6.34,-1.69,0.34,3.35,0.68,0.32,0.42,13.71,,7734,6.34,-1.69,0.34,3.35,0.68,0.32,0.42,13.71
36915,3.47,-0.26,-0.25,2.8,-0.43,-0.19,-4.64,9.22,,7750,3.47,-0.26,-0.25,2.8,-0.43,-0.19,-4.64,9.22
36933,2.19,-3.29,0.1,0.24,-0.14,0.15,0.63,0.11,,7768,2.19,-3.29,0.1,0.24,-0.14,0.15,0.63,0.11
36949,0.55,1.14,-0.18,0.28,5.78,0.82,3.32,1.74,,7784,0.55,1.14,-0.18,0.28,5.78,0.82,3.32,1.74
36965,2.68,5.69,0.92,0.29,7.09,1.4,5.43,2.88,,7800,2.68,5.69,0.92,0.29,7.09,1.4,5.43,2.88
36981,8.08,9.97,7.09,-0.86,4.76,-5.56,6.84,1.84,,7816,8.08,9.97,7.09,-0.86,4.76,-5.56,6.84,1.84
36997,2.8,7.4,-7.54,0.79,0.14,0.76,3.41,1.08,,7832,2.8,7.4,-7.54,0.79,0.14,0.76,3.41,1.08
37014,0.42,5.5,-1.44,4.72,0.34,0.85,5.41,3.25,,7849,0.42,5.5,-1.44,4.72,0.34,0.85,5.41,3.25
37030,2.45,6.07,1.75,11.06,0,-0.25,3.99,5.77,,7865,2.45,6.07,1.75,11.06,0,-0.25,3.99,5.77
37046,3.24,5.71,-0.13,4.81,1.44,-0.35,5.39,8.26,,7881,3.24,5.71,-0.13,4.81,1.44,-0.35,5.39,8.26
37062,6.17,5.93,2.12,2.12,1.76,0.24,4.29,8.45,,7897,6.17,5.93,2.12,2.12,1.76,0.24,4.29,8.45
37078,3.68,3.07,-1.05,0.11,-1.19,0.18,1.3,8.03,,7913,3.68,3.07,-1.05,0.11,-1.19,0.18,1.3,8.03
37094,2.87,1.37,-0.71,0.8,-0.42,0.3,0.66,8.91,,7929,2.87,1.37,-0.71,0.8,-0.42,0.3,0.66,8.91
37110,3.01,0.85,0.06,16.71,1.25,7.3,2.48,10.67,,7945,3.01,0.85,0.06,16.71,1.25,7.3,2.48,10.67
37126,4.45,0.83,1.34,10.13,-0.84,17.75,2.36,10.99,,7961,4.45,0.83,1.34,10.13,-0.84,17.75,2.36,10.99
37142,4.94,0.11,9.99,1.3,-2.01,17.85,2.81,7.69,,7977,4.94,0.11,9.99,1.3,-2.01,17.85,2.81,7.69
37159,0.81,0.52,5.49,0.1,-0.79,17.95,0.46,2.59,,7994,0.81,0.52,5.49,0.1,-0.79,17.95,0.46,2.59
37175,0.01,0.31,3.45,-0.68,-3.56,15.77,0.03,-0.19,,8010,0.01,0.31,3.45,-0.68,-3.56,15.77,0.03,-0.19
37191,-0.51,0.3,-1.67,-2.28,-2.72,5.57,0,0.24,,8026,-0.51,0.3,-1.67,-2.28,-2.72,5.57,0,0.24
37207,0.47,0.38,-0.71,-1.5,-0.67,1.94,5.36,1.15,,8042,0.47,0.38,-0.71,-1.5,-0.67,1.94,5.36,1.15
37223,0.44,0.27,3.14,-1.98,2.65,1.75,7.33,0.46,,8058,0.44,0.27,3.14,-1.98,2.65,1.75,7.33,0.46
37239,3.96,10.92,5.91,-1.13,4.85,0.09,3.48,-3.38,,8074,3.96,10.92,5.91,-1.13,4.85,0.09,3.48,-3.38
37257,-9.44,7.49,2.11,0.83,1.55,0.16,0.18,0.35,,8092,-9.44,7.49,2.11,0.83,1.55,0.16,0.18,0.35
37273,0.25,2.04,0.08,6.27,7.63,3.07,-0.29,-1.33,,8108,0.25,2.04,0.08,6.27,7.63,3.07,-0.29,-1.33
37289,0.42,0.17,0.37,12.28,6.33,4.44,0.03,1.08,,8124,0.42,0.17,0.37,12.28,6.33,4.44,0.03,1.08
37305,-0.11,0.58,2.67,9.12,4.73,6.94,2.72,-0.75,,8140,-0.11,0.58,2.67,9.12,4.73,6.94,2.72,-0.75
37323,0.39,2.12,5.83,9.15,2.84,9.06,-0.33,0.07,,8158,0.39,2.12,5.83,9.15,2.84,9.06,-0.33,0.07
37339,0.8,10.82,4.29,9.02,1.85,10.57,0.11,1.14,,8174,0.8,10.82,4.29,9.02,1.85,10.57,0.11,1.14
37355,-0.1,-1.75,2.58,9.49,0.78,10.9,0.3,2.61,,8190,-0.1,-1.75,2.58,9.49,0.78,10.9,0.3,2.61
37371,-0.47,-0.16,3.02,8.56,0.92,11.74,0.06,14.03,,8206,-0.47,-0.16,3.02,8.56,0.92,11.74,0.06,14.03
37389,1.96,-0.26,3.71,3.87,0.95,10.84,-1.54,17.83,,8224,1.96,-0.26,3.71,3.87,0.95,10.84,-1.54,17.83
37405,10.15,-1.74,1.69,1.5,2.41,6.14,-0.51,17.85,,8240,10.15,-1.74,1.69,1.5,2.41,6.14,-0.51,17.85
37421,5.67,-0.27,-0.12,1.11,-0.19,0.94,0.74,17.85,,8256,5.67,-0.27,-0.12,1.11,-0.19,0.94,0.74,17.85
37437,2.7,0.67,-0.23,1.04,-0.03,0.31,-5.49,14.64,,8272,2.7,0.67,-0.23,1.04,-0.03,0.31,-5.49,14.64
37455,2.75,-4.14,-0.44,0.61,0.04,-0.12,1.16,4.07,,8290,2.75,-4.14,-0.44,0.61,0.04,-0.12,1.16,4.07
37471,0.08,0.82,0.18,-0.38,0.14,-0.04,1.87,2.16,,8306,0.08,0.82,0.18,-0.38,0.14,-0.04,1.87,2.16
37487,0.94,6.73,0.92,-0.22,6.31,0.35,6.1,1.16,,8322,0.94,6.73,0.92,-0.22,6.31,0.35,6.1,1.16
37503,3.42,11.36,0.54,0.02,5.03,-5.72,5.22,0.8,,8338,3.42,11.36,0.54,0.02,5.03,-5.72,5.22,0.8
37519,0.93,8.11,-7.13,3.03,0.49,0.37,2.29,1.84,,8354,0.93,8.11,-7.13,3.03,0.49,0.37,2.29,1.84
37536,1.05,5.83,0.21,10.23,0.62,0.45,4.25,5.71,,8371,1.05,5.83,0.21,10.23,0.62,0.45,4.25,5.71
37552,2.81,5.55,1.02,13.11,-0.23,-0.47,3.29,7.64,,8387,2.81,5.55,1.02,13.11,-0.23,-0.47,3.29,7.64
37568,4.43,7.33,0.15,4.06,1.71,-0.23,4.78,9.94,,8403,4.43,7.33,0.15,4.06,1.71,-0.23,4.78,9.94
37584,7.07,7.66,0.52,0.18,1.6,0.02,4.15,9.78,,8419,7.07,7.66,0.52,0.18,1.6,0.02,4.15,9.78
37600,4.59,4.72,0.6,-0.04,-0.34,1.13,3.85,9.18,,8435,4.59,4.72,0.6,-0.04,-0.34,1.13,3.85,9.18
37616,2.95,2.64,-0.22,1.54,-0.36,2.24,3.36,9.45,,8451,2.95,2.64,-0.22,1.54,-0.36,2.24,3.36,9.45
37632,3.16,1.42,0.28,12.7,-1.22,7.17,2.71,10.48,,8467,3.16,1.42,0.28,12.7,-1.22,7.17,2.71,10.48
37648,4.59,0.86,4.76,-1.59,-3.96,17.78,2.82,10.39,,8483,4.59,0.86,4.76,-1.59,-3.96,17.78,2.82,10.39
37665,3.31,0.66,11.41,-0.86,-2.35,17.79,4.18,5.3,,8500,3.31,0.66,11.41,-0.86,-2.35,17.79,4.18,5.3
37681,-0.8,0.18,6.07,-0.19,0.39,17.76,1.43,-0.56,,8516,-0.8,0.18,6.07,-0.19,0.39,17.76,1.43,-0.56
37697,-0.4,0.34,3.4,-1.53,-2.02,13.36,-0.01,-0.46,,8532,-0.4,0.34,3.4,-1.53,-2.02,13.36,-0.01,-0.46
37713,-1,0.32,-1.79,-1.97,-1.42,3.09,-0.52,0.15,,8548,-1,0.32,-1.79,-1.97,-1.42,3.09,-0.52,0.15
37729,0.64,0.6,-0.29,-1.53,0.7,0.66,5.71,1.41,,8564,0.64,0.6,-0.29,-1.53,0.7,0.66,5.71,1.41
37745,0.26,0.54,2.42,-1.67,3.52,0.55,8.31,1.22,,8580,0.26,0.54,2.42,-1.67,3.52,0.55,8.31,1.22
37762,4.72,11.46,5.51,-0.88,5.99,-0.46,3.06,1.22,,8597,4.72,11.46,5.51,-0.88,5.99,-0.46,3.06,1.22
37787,0.04,-6.05,-0.33,0.7,3.49,0.47,0.56,1.37,,8622,0.04,-6.05,-0.33,0.7,3.49,0.47,0.56,1.37
37803,0.58,-1.52,0.33,7.88,7.39,3.63,-0.02,0.42,,8638,0.58,-1.52,0.33,7.88,7.39,3.63,-0.02,0.42
37819,0.1,-0.42,0.02,13.87,3.98,6.87,2.75,-0.5,,8654,0.1,-0.42,0.02,13.87,3.98,6.87,2.75,-0.5
37837,0.5,1.45,5.33,8.71,3.59,9.86,-0.32,0.08,,8672,0.5,1.45,5.33,8.71,3.59,9.86,-0.32,0.08
37853,1.94,11.58,5.06,8.83,1.59,11.16,0.68,-0.14,,8688,1.94,11.58,5.06,8.83,1.59,11.16,0.68,-0.14
37869,-0.44,-1.98,2.77,7.94,1.28,12.18,0.14,1.63,,8704,-0.44,-1.98,2.77,7.94,1.28,12.18,0.14,1.63
37885,-0.54,0.03,3.1,8.33,0.88,12.17,-0.52,13.44,,8720,-0.54,0.03,3.1,8.33,0.88,12.17,-0.52,13.44
37903,1.79,-0.28,4.03,5.34,1.05,10.8,-1.58,17.82,,8738,1.79,-0.28,4.03,5.34,1.05,10.8,-1.58,17.82
37919,10.18,-2.01,1.72,1.51,2.63,5.74,-0.34,17.85,,8754,10.18,-2.01,1.72,1.51,2.63,5.74,-0.34,17.85
37935,4.97,-0.29,-0.38,1,-0.12,0.15,0.82,17.82,,8770,4.97,-0.29,-0.38,1,-0.12,0.15,0.82,17.82
37951,2.09,0.87,-0.15,1.07,0.18,0.18,-4.95,14.58,,8786,2.09,0.87,-0.15,1.07,0.18,0.18,-4.95,14.58
37968,1.78,-3.45,-0.46,0.61,0.02,0.08,0.51,4.2,,8803,1.78,-3.45,-0.46,0.61,0.02,0.08,0.51,4.2
37985,-0.23,1.1,0.46,-0.09,-0.07,-0.01,1.37,2.26,,8820,-0.23,1.1,0.46,-0.09,-0.07,-0.01,1.37,2.26
38001,1.24,6.57,1.02,0.19,6.27,0.67,6.27,1.55,,8836,1.24,6.57,1.02,0.19,6.27,0.67,6.27,1.55
38017,3.06,11.25,0.32,0.37,4.91,-6,6.08,1.15,,8852,3.06,11.25,0.32,0.37,4.91,-6,6.08,1.15
38033,0.36,7.02,-5.55,4.42,0.51,0.44,2.38,2.26,,8868,0.36,7.02,-5.55,4.42,0.51,0.44,2.38,2.26
38049,1.95,5.41,0.27,10.26,0.38,0.47,4.27,5.95,,8884,1.95,5.41,0.27,10.26,0.38,0.47,4.27,5.95
38065,3.93,5.43,0.92,12.84,0.02,-0.64,3.29,7.67,,8900,3.93,5.43,0.92,12.84,0.02,-0.64,3.29,7.67
38081,5.12,5.95,0.03,2.62,1.28,-0.44,5.17,10.16,,8916,5.12,5.95,0.03,2.62,1.28,-0.44,5.17,10.16
38097,7.1,7.48,0.91,0.07,1.46,-0.07,4.45,9.85,,8932,7.1,7.48,0.91,0.07,1.46,-0.07,4.45,9.85
38113,5,4.99,0.39,-0.32,1.52,1.73,4.03,9.3,,8948,5,4.99,0.39,-0.32,1.52,1.73,4.03,9.3
38129,3.19,3.1,0.04,0.87,-0.23,1.76,3.07,9.26,,8964,3.19,3.1,0.04,0.87,-0.23,1.76,3.07,9.26
38145,3.4,1.39,0.15,10.92,-1.24,6.29,2.79,10.42,,8980,3.4,1.39,0.15,10.92,-1.24,6.29,2.79,10.42
38162,4.41,0.96,4.92,-0.18,-3.4,17.79,3.15,10.23,,8997,4.41,0.96,4.92,-0.18,-3.4,17.79,3.15,10.23
38178,3.24,0.71,11.57,-0.63,-2.51,17.85,4.38,4.99,,9013,3.24,0.71,11.57,-0.63,-2.51,17.85,4.38,4.99
38194,-0.72,0.16,5.97,0.1,0.66,17.85,1.79,-0.35,,9029,-0.72,0.16,5.97,0.1,0.66,17.85,1.79,-0.35
38210,-0.39,0.35,3.46,-0.71,-1.59,12.67,-0.41,-0.33,,9045,-0.39,0.35,3.46,-0.71,-1.59,12.67,-0.41,-0.33
38226,-0.5,0.59,-1.22,-2.16,0.16,2.38,-0.32,0.36,,9061,-0.5,0.59,-1.22,-2.16,0.16,2.38,-0.32,0.36
38242,0.59,0.47,-0.29,-1.5,0.36,1.22,5.76,1.6,,9077,0.59,0.47,-0.29,-1.5,0.36,1.22,5.76,1.6
38259,0.25,0.25,2.11,-1.92,3.71,1.09,8.48,1.09,,9094,0.25,0.25,2.11,-1.92,3.71,1.09,8.48,1.09
38275,4.88,11.34,5.4,-0.87,6.01,-0.15,3.65,-3.87,,9110,4.88,11.34,5.4,-0.87,6.01,-0.15,3.65,-3.87
38292,-8.46,6.3,1.29,0.88,0.72,0.53,0.18,0.34,,9127,-8.46,6.3,1.29,0.88,0.72,0.53,0.18,0.34
38308,0.29,1.9,-0.03,8.47,7.52,2.8,-0.32,-1.17,,9143,0.29,1.9,-0.03,8.47,7.52,2.8,-0.32,-1.17
38325,0.29,0.45,0.52,13.51,4.94,5.18,0.31,0.63,,9160,0.29,0.45,0.52,13.51,4.94,5.18,0.31,0.63
38341,-0.34,0.6,2.25,9.39,4.02,8.55,2.59,-0.77,,9176,-0.34,0.6,2.25,9.39,4.02,8.55,2.59,-0.77
38359,0.48,3.41,6.14,8.63,2.72,10.41,-0.47,-0.05,,9194,0.48,3.41,6.14,8.63,2.72,10.41,-0.47,-0.05
38375,1.15,12.15,4.32,7.42,1.41,10.96,0.76,-0.44,,9210,1.15,12.15,4.32,7.42,1.41,10.96,0.76,-0.44
38391,-0.02,-2.58,2.35,8.28,0.69,11.91,0.66,2.14,,9226,-0.02,-2.58,2.35,8.28,0.69,11.91,0.66,2.14
38407,-0.2,-0.39,2.71,7.5,0.67,11.87,0.2,13.96,,9242,-0.2,-0.39,2.71,7.5,0.67,11.87,0.2,13.96
38425,2.07,-0.56,3.99,3.46,0.25,10.43,-0.74,17.85,,9260,2.07,-0.56,3.99,3.46,0.25,10.43,-0.74,17.85
38441,9.52,-0.63,1.9,1.12,1.82,7.49,-0.33,17.84,,9276,9.52,-0.63,1.9,1.12,1.82,7.49,-0.33,17.84
38457,4.85,-0.13,-0.22,0.92,-0.54,1.49,0.66,17.83,,9292,4.85,-0.13,-0.22,0.92,-0.54,1.49,0.66,17.83
38473,2.13,0.88,-0.39,1.61,-0.16,0.21,-5.85,15.07,,9308,2.13,0.88,-0.39,1.61,-0.16,0.21,-5.85,15.07
38491,2.62,-4.06,-0.47,1.24,-0.02,0.08,0.43,5.23,,9326,2.62,-4.06,-0.47,1.24,-0.02,0.08,0.43,5.23
38507,-0.16,0.88,0.05,0.35,0.12,-0.1,1.38,3.52,,9342,-0.16,0.88,0.05,0.35,0.12,-0.1,1.38,3.52
38523,1.26,6.93,0.3,0.8,6.53,0.51,4.85,2.67,,9358,1.26,6.93,0.3,0.8,6.53,0.51,4.85,2.67
